prompt_id,category,stress_type,prompt,negative_prompt,seed,split
main_text_heavy_001,text-heavy,dense_multiline_copy,"centered poster composition of a transit departure board on a matte paper poster, the primary readable text says ""Studio Nine 06:45"", clear punctuation and separators, realistic print texture, 1024x1024 composition.","blurry text, illegible letters, warped glyphs, extra characters, watermark, heavy noise, oversmoothing",210001,main
main_text_heavy_002,text-heavy,stacked_wayfinding,"rectified signage capture of a stadium entrance banner under warm cafe lighting, the primary readable text says ""Studio Nine Counter Service"", mixed uppercase and numerals, realistic print texture, 1024x1024 composition.","blurry text, illegible letters, warped glyphs, extra characters, watermark, heavy noise, oversmoothing",210002,main
main_text_heavy_003,text-heavy,packaging_microtype,"tight shelf-level crop of a museum exhibit placard at a trade show booth, the primary readable text says ""Studio Nine Batch 17"", small secondary copy under the headline, realistic print texture, 1024x1024 composition.","blurry text, illegible letters, warped glyphs, extra characters, watermark, heavy noise, oversmoothing",210003,main
main_text_heavy_004,text-heavy,menu_tabular_text,"slightly angled close-up of a conference schedule screen beside a sunlit storefront window, the primary readable text says ""Section F Tickets Here"", sharp kerning and even line spacing, realistic print texture, 1024x1024 composition.","blurry text, illegible letters, warped glyphs, extra characters, watermark, heavy noise, oversmoothing",210004,main
main_text_heavy_005,text-heavy,screen_text_glare,"overhead flat-lay framing of a bookstore display sign inside a quiet hotel lobby, the primary readable text says ""Section F Final Call"", minimal background distraction, realistic print texture, 1024x1024 composition.","blurry text, illegible letters, warped glyphs, extra characters, watermark, heavy noise, oversmoothing",210005,main
main_text_heavy_006,text-heavy,condensed_lettering,"eye-level product shot of a hardware aisle instruction label in a fluorescent station concourse, the primary readable text says ""Harbor Line Open Daily"", crisp printed texture, realistic print texture, 1024x1024 composition.","blurry text, illegible letters, warped glyphs, extra characters, watermark, heavy noise, oversmoothing",210006,main
main_text_heavy_007,text-heavy,dense_multiline_copy,"front-facing documentary crop of a hotel wayfinding directory mounted on brushed steel, the primary readable text says ""Harbor Line Fragile Glass"", a dense but readable layout, realistic print texture, 1024x1024 composition.","blurry text, illegible letters, warped glyphs, extra characters, watermark, heavy noise, oversmoothing",210007,main
main_text_heavy_008,text-heavy,stacked_wayfinding,"clean kiosk photo of a corner cafe menu board on a warehouse shelf, the primary readable text says ""Harbor Line Lot 24A"", thin divider rules between lines, realistic print texture, 1024x1024 composition.","blurry text, illegible letters, warped glyphs, extra characters, watermark, heavy noise, oversmoothing",210008,main
main_text_heavy_009,text-heavy,packaging_microtype,"centered poster composition of a shipping carton label on a matte paper poster, the primary readable text says ""Clinic Window No Flash"", clear punctuation and separators, realistic print texture, 1024x1024 composition.","blurry text, illegible letters, warped glyphs, extra characters, watermark, heavy noise, oversmoothing",210009,main
main_text_heavy_010,text-heavy,menu_tabular_text,"rectified signage capture of a pharmacy shelf label strip under warm cafe lighting, the primary readable text says ""Clinic Window Reserved Seating"", mixed uppercase and numerals, realistic print texture, 1024x1024 composition.","blurry text, illegible letters, warped glyphs, extra characters, watermark, heavy noise, oversmoothing",210010,main
main_text_heavy_011,text-heavy,screen_text_glare,"tight shelf-level crop of a tea package front panel at a trade show booth, the primary readable text says ""Parcel Bay Handle With Care"", small secondary copy under the headline, realistic print texture, 1024x1024 composition.","blurry text, illegible letters, warped glyphs, extra characters, watermark, heavy noise, oversmoothing",210011,main
main_text_heavy_012,text-heavy,condensed_lettering,"slightly angled close-up of a bakery price card wall beside a sunlit storefront window, the primary readable text says ""Parcel Bay East Entrance"", sharp kerning and even line spacing, realistic print texture, 1024x1024 composition.","blurry text, illegible letters, warped glyphs, extra characters, watermark, heavy noise, oversmoothing",210012,main
main_text_heavy_013,text-heavy,dense_multiline_copy,"overhead flat-lay framing of a transit departure board inside a quiet hotel lobby, the primary readable text says ""Quiet Study 06:45"", minimal background distraction, realistic print texture, 1024x1024 composition.","blurry text, illegible letters, warped glyphs, extra characters, watermark, heavy noise, oversmoothing",210013,main
main_text_heavy_014,text-heavy,stacked_wayfinding,"eye-level product shot of a stadium entrance banner in a fluorescent station concourse, the primary readable text says ""Quiet Study Counter Service"", crisp printed texture, realistic print texture, 1024x1024 composition.","blurry text, illegible letters, warped glyphs, extra characters, watermark, heavy noise, oversmoothing",210014,main
main_text_heavy_015,text-heavy,packaging_microtype,"front-facing documentary crop of a museum exhibit placard mounted on brushed steel, the primary readable text says ""Quiet Study Batch 17"", a dense but readable layout, realistic print texture, 1024x1024 composition.","blurry text, illegible letters, warped glyphs, extra characters, watermark, heavy noise, oversmoothing",210015,main
main_text_heavy_016,text-heavy,menu_tabular_text,"clean kiosk photo of a conference schedule screen on a warehouse shelf, the primary readable text says ""North Pier Tickets Here"", thin divider rules between lines, realistic print texture, 1024x1024 composition.","blurry text, illegible letters, warped glyphs, extra characters, watermark, heavy noise, oversmoothing",210016,main
main_text_heavy_017,text-heavy,screen_text_glare,"centered poster composition of a bookstore display sign on a matte paper poster, the primary readable text says ""North Pier Final Call"", clear punctuation and separators, realistic print texture, 1024x1024 composition.","blurry text, illegible letters, warped glyphs, extra characters, watermark, heavy noise, oversmoothing",210017,main
main_text_heavy_018,text-heavy,condensed_lettering,"rectified signage capture of a hardware aisle instruction label under warm cafe lighting, the primary readable text says ""Gate B12 Open Daily"", mixed uppercase and numerals, realistic print texture, 1024x1024 composition.","blurry text, illegible letters, warped glyphs, extra characters, watermark, heavy noise, oversmoothing",210018,main
main_text_heavy_019,text-heavy,dense_multiline_copy,"tight shelf-level crop of a hotel wayfinding directory at a trade show booth, the primary readable text says ""Gate B12 Fragile Glass"", small secondary copy under the headline, realistic print texture, 1024x1024 composition.","blurry text, illegible letters, warped glyphs, extra characters, watermark, heavy noise, oversmoothing",210019,main
main_text_heavy_020,text-heavy,stacked_wayfinding,"slightly angled close-up of a corner cafe menu board beside a sunlit storefront window, the primary readable text says ""Gate B12 Lot 24A"", sharp kerning and even line spacing, realistic print texture, 1024x1024 composition.","blurry text, illegible letters, warped glyphs, extra characters, watermark, heavy noise, oversmoothing",210020,main
main_text_heavy_021,text-heavy,packaging_microtype,"overhead flat-lay framing of a shipping carton label inside a quiet hotel lobby, the primary readable text says ""Fresh Soba No Flash"", minimal background distraction, realistic print texture, 1024x1024 composition.","blurry text, illegible letters, warped glyphs, extra characters, watermark, heavy noise, oversmoothing",210021,main
main_text_heavy_022,text-heavy,menu_tabular_text,"eye-level product shot of a pharmacy shelf label strip in a fluorescent station concourse, the primary readable text says ""Fresh Soba Reserved Seating"", crisp printed texture, realistic print texture, 1024x1024 composition.","blurry text, illegible letters, warped glyphs, extra characters, watermark, heavy noise, oversmoothing",210022,main
main_text_heavy_023,text-heavy,screen_text_glare,"front-facing documentary crop of a tea package front panel mounted on brushed steel, the primary readable text says ""Exhibit Hall Handle With Care"", a dense but readable layout, realistic print texture, 1024x1024 composition.","blurry text, illegible letters, warped glyphs, extra characters, watermark, heavy noise, oversmoothing",210023,main
main_text_heavy_024,text-heavy,condensed_lettering,"clean kiosk photo of a bakery price card wall on a warehouse shelf, the primary readable text says ""Exhibit Hall East Entrance"", thin divider rules between lines, realistic print texture, 1024x1024 composition.","blurry text, illegible letters, warped glyphs, extra characters, watermark, heavy noise, oversmoothing",210024,main
main_text_heavy_025,text-heavy,dense_multiline_copy,"centered poster composition of a transit departure board on a matte paper poster, the primary readable text says ""Seat Row C 06:45"", clear punctuation and separators, realistic print texture, 1024x1024 composition.","blurry text, illegible letters, warped glyphs, extra characters, watermark, heavy noise, oversmoothing",210025,main
main_text_heavy_026,text-heavy,stacked_wayfinding,"rectified signage capture of a stadium entrance banner under warm cafe lighting, the primary readable text says ""Seat Row C Counter Service"", mixed uppercase and numerals, realistic print texture, 1024x1024 composition.","blurry text, illegible letters, warped glyphs, extra characters, watermark, heavy noise, oversmoothing",210026,main
main_text_heavy_027,text-heavy,packaging_microtype,"tight shelf-level crop of a museum exhibit placard at a trade show booth, the primary readable text says ""Seat Row C Batch 17"", small secondary copy under the headline, realistic print texture, 1024x1024 composition.","blurry text, illegible letters, warped glyphs, extra characters, watermark, heavy noise, oversmoothing",210027,main
main_text_heavy_028,text-heavy,menu_tabular_text,"slightly angled close-up of a conference schedule screen beside a sunlit storefront window, the primary readable text says ""Track 4 Tickets Here"", sharp kerning and even line spacing, realistic print texture, 1024x1024 composition.","blurry text, illegible letters, warped glyphs, extra characters, watermark, heavy noise, oversmoothing",210028,main
main_text_heavy_029,text-heavy,screen_text_glare,"overhead flat-lay framing of a bookstore display sign inside a quiet hotel lobby, the primary readable text says ""Track 4 Final Call"", minimal background distraction, realistic print texture, 1024x1024 composition.","blurry text, illegible letters, warped glyphs, extra characters, watermark, heavy noise, oversmoothing",210029,main
main_text_heavy_030,text-heavy,condensed_lettering,"eye-level product shot of a hardware aisle instruction label in a fluorescent station concourse, the primary readable text says ""Repair Desk Open Daily"", crisp printed texture, realistic print texture, 1024x1024 composition.","blurry text, illegible letters, warped glyphs, extra characters, watermark, heavy noise, oversmoothing",210030,main
main_text_heavy_031,text-heavy,dense_multiline_copy,"front-facing documentary crop of a hotel wayfinding directory mounted on brushed steel, the primary readable text says ""Repair Desk Fragile Glass"", a dense but readable layout, realistic print texture, 1024x1024 composition.","blurry text, illegible letters, warped glyphs, extra characters, watermark, heavy noise, oversmoothing",210031,main
main_text_heavy_032,text-heavy,stacked_wayfinding,"clean kiosk photo of a corner cafe menu board on a warehouse shelf, the primary readable text says ""Repair Desk Lot 24A"", thin divider rules between lines, realistic print texture, 1024x1024 composition.","blurry text, illegible letters, warped glyphs, extra characters, watermark, heavy noise, oversmoothing",210032,main
main_text_heavy_033,text-heavy,packaging_microtype,"centered poster composition of a shipping carton label on a matte paper poster, the primary readable text says ""Studio Nine No Flash"", clear punctuation and separators, realistic print texture, 1024x1024 composition.","blurry text, illegible letters, warped glyphs, extra characters, watermark, heavy noise, oversmoothing",210033,main
main_text_heavy_034,text-heavy,menu_tabular_text,"rectified signage capture of a pharmacy shelf label strip under warm cafe lighting, the primary readable text says ""Studio Nine Reserved Seating"", mixed uppercase and numerals, realistic print texture, 1024x1024 composition.","blurry text, illegible letters, warped glyphs, extra characters, watermark, heavy noise, oversmoothing",210034,main
main_text_heavy_035,text-heavy,screen_text_glare,"tight shelf-level crop of a tea package front panel at a trade show booth, the primary readable text says ""Section F Handle With Care"", small secondary copy under the headline, realistic print texture, 1024x1024 composition.","blurry text, illegible letters, warped glyphs, extra characters, watermark, heavy noise, oversmoothing",210035,main
main_text_heavy_036,text-heavy,condensed_lettering,"slightly angled close-up of a bakery price card wall beside a sunlit storefront window, the primary readable text says ""Section F East Entrance"", sharp kerning and even line spacing, realistic print texture, 1024x1024 composition.","blurry text, illegible letters, warped glyphs, extra characters, watermark, heavy noise, oversmoothing",210036,main
main_text_heavy_037,text-heavy,dense_multiline_copy,"overhead flat-lay framing of a transit departure board inside a quiet hotel lobby, the primary readable text says ""Harbor Line 06:45"", minimal background distraction, realistic print texture, 1024x1024 composition.","blurry text, illegible letters, warped glyphs, extra characters, watermark, heavy noise, oversmoothing",210037,main
main_text_heavy_038,text-heavy,stacked_wayfinding,"eye-level product shot of a stadium entrance banner in a fluorescent station concourse, the primary readable text says ""Harbor Line Counter Service"", crisp printed texture, realistic print texture, 1024x1024 composition.","blurry text, illegible letters, warped glyphs, extra characters, watermark, heavy noise, oversmoothing",210038,main
main_text_heavy_039,text-heavy,packaging_microtype,"front-facing documentary crop of a museum exhibit placard mounted on brushed steel, the primary readable text says ""Harbor Line Batch 17"", a dense but readable layout, realistic print texture, 1024x1024 composition.","blurry text, illegible letters, warped glyphs, extra characters, watermark, heavy noise, oversmoothing",210039,main
main_text_heavy_040,text-heavy,menu_tabular_text,"clean kiosk photo of a conference schedule screen on a warehouse shelf, the primary readable text says ""Clinic Window Tickets Here"", thin divider rules between lines, realistic print texture, 1024x1024 composition.","blurry text, illegible letters, warped glyphs, extra characters, watermark, heavy noise, oversmoothing",210040,main
main_text_heavy_041,text-heavy,screen_text_glare,"centered poster composition of a bookstore display sign on a matte paper poster, the primary readable text says ""Clinic Window Final Call"", clear punctuation and separators, realistic print texture, 1024x1024 composition.","blurry text, illegible letters, warped glyphs, extra characters, watermark, heavy noise, oversmoothing",210041,main
main_text_heavy_042,text-heavy,condensed_lettering,"rectified signage capture of a hardware aisle instruction label under warm cafe lighting, the primary readable text says ""Parcel Bay Open Daily"", mixed uppercase and numerals, realistic print texture, 1024x1024 composition.","blurry text, illegible letters, warped glyphs, extra characters, watermark, heavy noise, oversmoothing",210042,main
main_text_heavy_043,text-heavy,dense_multiline_copy,"tight shelf-level crop of a hotel wayfinding directory at a trade show booth, the primary readable text says ""Parcel Bay Fragile Glass"", small secondary copy under the headline, realistic print texture, 1024x1024 composition.","blurry text, illegible letters, warped glyphs, extra characters, watermark, heavy noise, oversmoothing",210043,main
main_text_heavy_044,text-heavy,stacked_wayfinding,"slightly angled close-up of a corner cafe menu board beside a sunlit storefront window, the primary readable text says ""Parcel Bay Lot 24A"", sharp kerning and even line spacing, realistic print texture, 1024x1024 composition.","blurry text, illegible letters, warped glyphs, extra characters, watermark, heavy noise, oversmoothing",210044,main
main_text_heavy_045,text-heavy,packaging_microtype,"overhead flat-lay framing of a shipping carton label inside a quiet hotel lobby, the primary readable text says ""Quiet Study No Flash"", minimal background distraction, realistic print texture, 1024x1024 composition.","blurry text, illegible letters, warped glyphs, extra characters, watermark, heavy noise, oversmoothing",210045,main
main_text_heavy_046,text-heavy,menu_tabular_text,"eye-level product shot of a pharmacy shelf label strip in a fluorescent station concourse, the primary readable text says ""Quiet Study Reserved Seating"", crisp printed texture, realistic print texture, 1024x1024 composition.","blurry text, illegible letters, warped glyphs, extra characters, watermark, heavy noise, oversmoothing",210046,main
main_text_heavy_047,text-heavy,screen_text_glare,"front-facing documentary crop of a tea package front panel mounted on brushed steel, the primary readable text says ""North Pier Handle With Care"", a dense but readable layout, realistic print texture, 1024x1024 composition.","blurry text, illegible letters, warped glyphs, extra characters, watermark, heavy noise, oversmoothing",210047,main
main_text_heavy_048,text-heavy,condensed_lettering,"clean kiosk photo of a bakery price card wall on a warehouse shelf, the primary readable text says ""North Pier East Entrance"", thin divider rules between lines, realistic print texture, 1024x1024 composition.","blurry text, illegible letters, warped glyphs, extra characters, watermark, heavy noise, oversmoothing",210048,main
main_text_heavy_049,text-heavy,dense_multiline_copy,"centered poster composition of a transit departure board on a matte paper poster, the primary readable text says ""Gate B12 06:45"", clear punctuation and separators, realistic print texture, 1024x1024 composition.","blurry text, illegible letters, warped glyphs, extra characters, watermark, heavy noise, oversmoothing",210049,main
main_text_heavy_050,text-heavy,stacked_wayfinding,"rectified signage capture of a stadium entrance banner under warm cafe lighting, the primary readable text says ""Gate B12 Counter Service"", mixed uppercase and numerals, realistic print texture, 1024x1024 composition.","blurry text, illegible letters, warped glyphs, extra characters, watermark, heavy noise, oversmoothing",210050,main
main_text_heavy_051,text-heavy,packaging_microtype,"tight shelf-level crop of a museum exhibit placard at a trade show booth, the primary readable text says ""Gate B12 Batch 17"", small secondary copy under the headline, realistic print texture, 1024x1024 composition.","blurry text, illegible letters, warped glyphs, extra characters, watermark, heavy noise, oversmoothing",210051,main
main_text_heavy_052,text-heavy,menu_tabular_text,"slightly angled close-up of a conference schedule screen beside a sunlit storefront window, the primary readable text says ""Fresh Soba Tickets Here"", sharp kerning and even line spacing, realistic print texture, 1024x1024 composition.","blurry text, illegible letters, warped glyphs, extra characters, watermark, heavy noise, oversmoothing",210052,main
main_text_heavy_053,text-heavy,screen_text_glare,"overhead flat-lay framing of a bookstore display sign inside a quiet hotel lobby, the primary readable text says ""Fresh Soba Final Call"", minimal background distraction, realistic print texture, 1024x1024 composition.","blurry text, illegible letters, warped glyphs, extra characters, watermark, heavy noise, oversmoothing",210053,main
main_text_heavy_054,text-heavy,condensed_lettering,"eye-level product shot of a hardware aisle instruction label in a fluorescent station concourse, the primary readable text says ""Exhibit Hall Open Daily"", crisp printed texture, realistic print texture, 1024x1024 composition.","blurry text, illegible letters, warped glyphs, extra characters, watermark, heavy noise, oversmoothing",210054,main
main_text_heavy_055,text-heavy,dense_multiline_copy,"front-facing documentary crop of a hotel wayfinding directory mounted on brushed steel, the primary readable text says ""Exhibit Hall Fragile Glass"", a dense but readable layout, realistic print texture, 1024x1024 composition.","blurry text, illegible letters, warped glyphs, extra characters, watermark, heavy noise, oversmoothing",210055,main
main_text_heavy_056,text-heavy,stacked_wayfinding,"clean kiosk photo of a corner cafe menu board on a warehouse shelf, the primary readable text says ""Exhibit Hall Lot 24A"", thin divider rules between lines, realistic print texture, 1024x1024 composition.","blurry text, illegible letters, warped glyphs, extra characters, watermark, heavy noise, oversmoothing",210056,main
main_text_heavy_057,text-heavy,packaging_microtype,"centered poster composition of a shipping carton label on a matte paper poster, the primary readable text says ""Seat Row C No Flash"", clear punctuation and separators, realistic print texture, 1024x1024 composition.","blurry text, illegible letters, warped glyphs, extra characters, watermark, heavy noise, oversmoothing",210057,main
main_text_heavy_058,text-heavy,menu_tabular_text,"rectified signage capture of a pharmacy shelf label strip under warm cafe lighting, the primary readable text says ""Seat Row C Reserved Seating"", mixed uppercase and numerals, realistic print texture, 1024x1024 composition.","blurry text, illegible letters, warped glyphs, extra characters, watermark, heavy noise, oversmoothing",210058,main
main_text_heavy_059,text-heavy,screen_text_glare,"tight shelf-level crop of a tea package front panel at a trade show booth, the primary readable text says ""Track 4 Handle With Care"", small secondary copy under the headline, realistic print texture, 1024x1024 composition.","blurry text, illegible letters, warped glyphs, extra characters, watermark, heavy noise, oversmoothing",210059,main
main_text_heavy_060,text-heavy,condensed_lettering,"slightly angled close-up of a bakery price card wall beside a sunlit storefront window, the primary readable text says ""Track 4 East Entrance"", sharp kerning and even line spacing, realistic print texture, 1024x1024 composition.","blurry text, illegible letters, warped glyphs, extra characters, watermark, heavy noise, oversmoothing",210060,main
main_text_heavy_061,text-heavy,dense_multiline_copy,"overhead flat-lay framing of a transit departure board inside a quiet hotel lobby, the primary readable text says ""Repair Desk 06:45"", minimal background distraction, realistic print texture, 1024x1024 composition.","blurry text, illegible letters, warped glyphs, extra characters, watermark, heavy noise, oversmoothing",210061,main
main_text_heavy_062,text-heavy,stacked_wayfinding,"eye-level product shot of a stadium entrance banner in a fluorescent station concourse, the primary readable text says ""Repair Desk Counter Service"", crisp printed texture, realistic print texture, 1024x1024 composition.","blurry text, illegible letters, warped glyphs, extra characters, watermark, heavy noise, oversmoothing",210062,main
main_text_heavy_063,text-heavy,packaging_microtype,"front-facing documentary crop of a museum exhibit placard mounted on brushed steel, the primary readable text says ""Repair Desk Batch 17"", a dense but readable layout, realistic print texture, 1024x1024 composition.","blurry text, illegible letters, warped glyphs, extra characters, watermark, heavy noise, oversmoothing",210063,main
main_text_heavy_064,text-heavy,menu_tabular_text,"clean kiosk photo of a conference schedule screen on a warehouse shelf, the primary readable text says ""Studio Nine Tickets Here"", thin divider rules between lines, realistic print texture, 1024x1024 composition.","blurry text, illegible letters, warped glyphs, extra characters, watermark, heavy noise, oversmoothing",210064,main
main_text_heavy_065,text-heavy,screen_text_glare,"centered poster composition of a bookstore display sign on a matte paper poster, the primary readable text says ""Studio Nine Final Call"", clear punctuation and separators, realistic print texture, 1024x1024 composition.","blurry text, illegible letters, warped glyphs, extra characters, watermark, heavy noise, oversmoothing",210065,main
main_text_heavy_066,text-heavy,condensed_lettering,"rectified signage capture of a hardware aisle instruction label under warm cafe lighting, the primary readable text says ""Section F Open Daily"", mixed uppercase and numerals, realistic print texture, 1024x1024 composition.","blurry text, illegible letters, warped glyphs, extra characters, watermark, heavy noise, oversmoothing",210066,main
main_text_heavy_067,text-heavy,dense_multiline_copy,"tight shelf-level crop of a hotel wayfinding directory at a trade show booth, the primary readable text says ""Section F Fragile Glass"", small secondary copy under the headline, realistic print texture, 1024x1024 composition.","blurry text, illegible letters, warped glyphs, extra characters, watermark, heavy noise, oversmoothing",210067,main
main_text_heavy_068,text-heavy,stacked_wayfinding,"slightly angled close-up of a corner cafe menu board beside a sunlit storefront window, the primary readable text says ""Section F Lot 24A"", sharp kerning and even line spacing, realistic print texture, 1024x1024 composition.","blurry text, illegible letters, warped glyphs, extra characters, watermark, heavy noise, oversmoothing",210068,main
main_text_heavy_069,text-heavy,packaging_microtype,"overhead flat-lay framing of a shipping carton label inside a quiet hotel lobby, the primary readable text says ""Harbor Line No Flash"", minimal background distraction, realistic print texture, 1024x1024 composition.","blurry text, illegible letters, warped glyphs, extra characters, watermark, heavy noise, oversmoothing",210069,main
main_text_heavy_070,text-heavy,menu_tabular_text,"eye-level product shot of a pharmacy shelf label strip in a fluorescent station concourse, the primary readable text says ""Harbor Line Reserved Seating"", crisp printed texture, realistic print texture, 1024x1024 composition.","blurry text, illegible letters, warped glyphs, extra characters, watermark, heavy noise, oversmoothing",210070,main
main_text_heavy_071,text-heavy,screen_text_glare,"front-facing documentary crop of a tea package front panel mounted on brushed steel, the primary readable text says ""Clinic Window Handle With Care"", a dense but readable layout, realistic print texture, 1024x1024 composition.","blurry text, illegible letters, warped glyphs, extra characters, watermark, heavy noise, oversmoothing",210071,main
main_text_heavy_072,text-heavy,condensed_lettering,"clean kiosk photo of a bakery price card wall on a warehouse shelf, the primary readable text says ""Clinic Window East Entrance"", thin divider rules between lines, realistic print texture, 1024x1024 composition.","blurry text, illegible letters, warped glyphs, extra characters, watermark, heavy noise, oversmoothing",210072,main
main_text_heavy_073,text-heavy,dense_multiline_copy,"centered poster composition of a transit departure board on a matte paper poster, the primary readable text says ""Parcel Bay 06:45"", clear punctuation and separators, realistic print texture, 1024x1024 composition.","blurry text, illegible letters, warped glyphs, extra characters, watermark, heavy noise, oversmoothing",210073,main
main_text_heavy_074,text-heavy,stacked_wayfinding,"rectified signage capture of a stadium entrance banner under warm cafe lighting, the primary readable text says ""Parcel Bay Counter Service"", mixed uppercase and numerals, realistic print texture, 1024x1024 composition.","blurry text, illegible letters, warped glyphs, extra characters, watermark, heavy noise, oversmoothing",210074,main
main_text_heavy_075,text-heavy,packaging_microtype,"tight shelf-level crop of a museum exhibit placard at a trade show booth, the primary readable text says ""Parcel Bay Batch 17"", small secondary copy under the headline, realistic print texture, 1024x1024 composition.","blurry text, illegible letters, warped glyphs, extra characters, watermark, heavy noise, oversmoothing",210075,main
main_text_heavy_076,text-heavy,menu_tabular_text,"slightly angled close-up of a conference schedule screen beside a sunlit storefront window, the primary readable text says ""Quiet Study Tickets Here"", sharp kerning and even line spacing, realistic print texture, 1024x1024 composition.","blurry text, illegible letters, warped glyphs, extra characters, watermark, heavy noise, oversmoothing",210076,main
main_text_heavy_077,text-heavy,screen_text_glare,"overhead flat-lay framing of a bookstore display sign inside a quiet hotel lobby, the primary readable text says ""Quiet Study Final Call"", minimal background distraction, realistic print texture, 1024x1024 composition.","blurry text, illegible letters, warped glyphs, extra characters, watermark, heavy noise, oversmoothing",210077,main
main_text_heavy_078,text-heavy,condensed_lettering,"eye-level product shot of a hardware aisle instruction label in a fluorescent station concourse, the primary readable text says ""North Pier Open Daily"", crisp printed texture, realistic print texture, 1024x1024 composition.","blurry text, illegible letters, warped glyphs, extra characters, watermark, heavy noise, oversmoothing",210078,main
main_text_heavy_079,text-heavy,dense_multiline_copy,"front-facing documentary crop of a hotel wayfinding directory mounted on brushed steel, the primary readable text says ""North Pier Fragile Glass"", a dense but readable layout, realistic print texture, 1024x1024 composition.","blurry text, illegible letters, warped glyphs, extra characters, watermark, heavy noise, oversmoothing",210079,main
main_text_heavy_080,text-heavy,stacked_wayfinding,"clean kiosk photo of a corner cafe menu board on a warehouse shelf, the primary readable text says ""North Pier Lot 24A"", thin divider rules between lines, realistic print texture, 1024x1024 composition.","blurry text, illegible letters, warped glyphs, extra characters, watermark, heavy noise, oversmoothing",210080,main
main_text_heavy_081,text-heavy,packaging_microtype,"centered poster composition of a shipping carton label on a matte paper poster, the primary readable text says ""Gate B12 No Flash"", clear punctuation and separators, realistic print texture, 1024x1024 composition.","blurry text, illegible letters, warped glyphs, extra characters, watermark, heavy noise, oversmoothing",210081,main
main_text_heavy_082,text-heavy,menu_tabular_text,"rectified signage capture of a pharmacy shelf label strip under warm cafe lighting, the primary readable text says ""Gate B12 Reserved Seating"", mixed uppercase and numerals, realistic print texture, 1024x1024 composition.","blurry text, illegible letters, warped glyphs, extra characters, watermark, heavy noise, oversmoothing",210082,main
main_text_heavy_083,text-heavy,screen_text_glare,"tight shelf-level crop of a tea package front panel at a trade show booth, the primary readable text says ""Fresh Soba Handle With Care"", small secondary copy under the headline, realistic print texture, 1024x1024 composition.","blurry text, illegible letters, warped glyphs, extra characters, watermark, heavy noise, oversmoothing",210083,main
main_text_heavy_084,text-heavy,condensed_lettering,"slightly angled close-up of a bakery price card wall beside a sunlit storefront window, the primary readable text says ""Fresh Soba East Entrance"", sharp kerning and even line spacing, realistic print texture, 1024x1024 composition.","blurry text, illegible letters, warped glyphs, extra characters, watermark, heavy noise, oversmoothing",210084,main
main_text_heavy_085,text-heavy,dense_multiline_copy,"overhead flat-lay framing of a transit departure board inside a quiet hotel lobby, the primary readable text says ""Exhibit Hall 06:45"", minimal background distraction, realistic print texture, 1024x1024 composition.","blurry text, illegible letters, warped glyphs, extra characters, watermark, heavy noise, oversmoothing",210085,main
main_text_heavy_086,text-heavy,stacked_wayfinding,"eye-level product shot of a stadium entrance banner in a fluorescent station concourse, the primary readable text says ""Exhibit Hall Counter Service"", crisp printed texture, realistic print texture, 1024x1024 composition.","blurry text, illegible letters, warped glyphs, extra characters, watermark, heavy noise, oversmoothing",210086,main
main_text_heavy_087,text-heavy,packaging_microtype,"front-facing documentary crop of a museum exhibit placard mounted on brushed steel, the primary readable text says ""Exhibit Hall Batch 17"", a dense but readable layout, realistic print texture, 1024x1024 composition.","blurry text, illegible letters, warped glyphs, extra characters, watermark, heavy noise, oversmoothing",210087,main
main_text_heavy_088,text-heavy,menu_tabular_text,"clean kiosk photo of a conference schedule screen on a warehouse shelf, the primary readable text says ""Seat Row C Tickets Here"", thin divider rules between lines, realistic print texture, 1024x1024 composition.","blurry text, illegible letters, warped glyphs, extra characters, watermark, heavy noise, oversmoothing",210088,main
main_text_heavy_089,text-heavy,screen_text_glare,"centered poster composition of a bookstore display sign on a matte paper poster, the primary readable text says ""Seat Row C Final Call"", clear punctuation and separators, realistic print texture, 1024x1024 composition.","blurry text, illegible letters, warped glyphs, extra characters, watermark, heavy noise, oversmoothing",210089,main
main_text_heavy_090,text-heavy,condensed_lettering,"rectified signage capture of a hardware aisle instruction label under warm cafe lighting, the primary readable text says ""Track 4 Open Daily"", mixed uppercase and numerals, realistic print texture, 1024x1024 composition.","blurry text, illegible letters, warped glyphs, extra characters, watermark, heavy noise, oversmoothing",210090,main
main_text_heavy_091,text-heavy,dense_multiline_copy,"tight shelf-level crop of a hotel wayfinding directory at a trade show booth, the primary readable text says ""Track 4 Fragile Glass"", small secondary copy under the headline, realistic print texture, 1024x1024 composition.","blurry text, illegible letters, warped glyphs, extra characters, watermark, heavy noise, oversmoothing",210091,main
main_text_heavy_092,text-heavy,stacked_wayfinding,"slightly angled close-up of a corner cafe menu board beside a sunlit storefront window, the primary readable text says ""Track 4 Lot 24A"", sharp kerning and even line spacing, realistic print texture, 1024x1024 composition.","blurry text, illegible letters, warped glyphs, extra characters, watermark, heavy noise, oversmoothing",210092,main
main_text_heavy_093,text-heavy,packaging_microtype,"overhead flat-lay framing of a shipping carton label inside a quiet hotel lobby, the primary readable text says ""Repair Desk No Flash"", minimal background distraction, realistic print texture, 1024x1024 composition.","blurry text, illegible letters, warped glyphs, extra characters, watermark, heavy noise, oversmoothing",210093,main
main_text_heavy_094,text-heavy,menu_tabular_text,"eye-level product shot of a pharmacy shelf label strip in a fluorescent station concourse, the primary readable text says ""Repair Desk Reserved Seating"", crisp printed texture, realistic print texture, 1024x1024 composition.","blurry text, illegible letters, warped glyphs, extra characters, watermark, heavy noise, oversmoothing",210094,main
main_text_heavy_095,text-heavy,screen_text_glare,"front-facing documentary crop of a tea package front panel mounted on brushed steel, the primary readable text says ""Studio Nine Handle With Care"", a dense but readable layout, realistic print texture, 1024x1024 composition.","blurry text, illegible letters, warped glyphs, extra characters, watermark, heavy noise, oversmoothing",210095,main
main_text_heavy_096,text-heavy,condensed_lettering,"clean kiosk photo of a bakery price card wall on a warehouse shelf, the primary readable text says ""Studio Nine East Entrance"", thin divider rules between lines, realistic print texture, 1024x1024 composition.","blurry text, illegible letters, warped glyphs, extra characters, watermark, heavy noise, oversmoothing",210096,main
main_text_heavy_097,text-heavy,dense_multiline_copy,"centered poster composition of a transit departure board on a matte paper poster, the primary readable text says ""Section F 06:45"", clear punctuation and separators, realistic print texture, 1024x1024 composition.","blurry text, illegible letters, warped glyphs, extra characters, watermark, heavy noise, oversmoothing",210097,main
main_text_heavy_098,text-heavy,stacked_wayfinding,"rectified signage capture of a stadium entrance banner under warm cafe lighting, the primary readable text says ""Section F Counter Service"", mixed uppercase and numerals, realistic print texture, 1024x1024 composition.","blurry text, illegible letters, warped glyphs, extra characters, watermark, heavy noise, oversmoothing",210098,main
main_text_heavy_099,text-heavy,packaging_microtype,"tight shelf-level crop of a museum exhibit placard at a trade show booth, the primary readable text says ""Section F Batch 17"", small secondary copy under the headline, realistic print texture, 1024x1024 composition.","blurry text, illegible letters, warped glyphs, extra characters, watermark, heavy noise, oversmoothing",210099,main
main_text_heavy_100,text-heavy,menu_tabular_text,"slightly angled close-up of a conference schedule screen beside a sunlit storefront window, the primary readable text says ""Harbor Line Tickets Here"", sharp kerning and even line spacing, realistic print texture, 1024x1024 composition.","blurry text, illegible letters, warped glyphs, extra characters, watermark, heavy noise, oversmoothing",210100,main
main_thin_boundary_001,thin-boundary,glass_rim,"museum-display close-up of a porcelain teacup with gold trim in cool overcast daylight, overlapping lines do not merge, minimal clutter, highly detailed boundaries, realistic optical transitions.","thick merged edges, broken contours, blob artifacts, oversmoothing, halos, noisy background, low detail",211001,main
main_thin_boundary_002,thin-boundary,wire_mesh,"macro close-up of filigree earrings against black velvet, delicate mesh geometry stays distinct, minimal clutter, highly detailed boundaries, realistic optical transitions.","thick merged edges, broken contours, blob artifacts, oversmoothing, halos, noisy background, low detail",211002,main
main_thin_boundary_003,thin-boundary,lace_edge,"side-lit detail study of filigree earrings against pale gray paper, minute filigree gaps remain open, minimal clutter, highly detailed boundaries, realistic optical transitions.","thick merged edges, broken contours, blob artifacts, oversmoothing, halos, noisy background, low detail",211003,main
main_thin_boundary_004,thin-boundary,reflective_trim,"backlit profile crop of filigree earrings with rainy street bokeh behind it, narrow bright rims stay continuous, minimal clutter, highly detailed boundaries, realistic optical transitions.","thick merged edges, broken contours, blob artifacts, oversmoothing, halos, noisy background, low detail",211004,main
main_thin_boundary_005,thin-boundary,branch_silhouette,"tight tabletop shot of filigree earrings beside a foggy window, fragile silhouettes hold their shape, minimal clutter, highly detailed boundaries, realistic optical transitions.","thick merged edges, broken contours, blob artifacts, oversmoothing, halos, noisy background, low detail",211005,main
main_thin_boundary_006,thin-boundary,transparent_rib,"overhead still-life crop of filigree earrings against a soft blue studio sweep, hairline contours remain clean, minimal clutter, highly detailed boundaries, realistic optical transitions.","thick merged edges, broken contours, blob artifacts, oversmoothing, halos, noisy background, low detail",211006,main
main_thin_boundary_007,thin-boundary,glass_rim,"shallow-focus field photo of filigree earrings against warm candlelit darkness, fine transparent edges stay visible, minimal clutter, highly detailed boundaries, realistic optical transitions.","thick merged edges, broken contours, blob artifacts, oversmoothing, halos, noisy background, low detail",211007,main
main_thin_boundary_008,thin-boundary,wire_mesh,"museum-display close-up of filigree earrings in cool overcast daylight, thin reflective outlines separate from the background, minimal clutter, highly detailed boundaries, realistic optical transitions.","thick merged edges, broken contours, blob artifacts, oversmoothing, halos, noisy background, low detail",211008,main
main_thin_boundary_009,thin-boundary,lace_edge,"macro close-up of bonsai twigs against black velvet, overlapping lines do not merge, minimal clutter, highly detailed boundaries, realistic optical transitions.","thick merged edges, broken contours, blob artifacts, oversmoothing, halos, noisy background, low detail",211009,main
main_thin_boundary_010,thin-boundary,reflective_trim,"side-lit detail study of bonsai twigs against pale gray paper, delicate mesh geometry stays distinct, minimal clutter, highly detailed boundaries, realistic optical transitions.","thick merged edges, broken contours, blob artifacts, oversmoothing, halos, noisy background, low detail",211010,main
main_thin_boundary_011,thin-boundary,branch_silhouette,"backlit profile crop of bonsai twigs with rainy street bokeh behind it, minute filigree gaps remain open, minimal clutter, highly detailed boundaries, realistic optical transitions.","thick merged edges, broken contours, blob artifacts, oversmoothing, halos, noisy background, low detail",211011,main
main_thin_boundary_012,thin-boundary,transparent_rib,"tight tabletop shot of bonsai twigs beside a foggy window, narrow bright rims stay continuous, minimal clutter, highly detailed boundaries, realistic optical transitions.","thick merged edges, broken contours, blob artifacts, oversmoothing, halos, noisy background, low detail",211012,main
main_thin_boundary_013,thin-boundary,glass_rim,"overhead still-life crop of bonsai twigs over a dark wooden table, fragile silhouettes hold their shape, minimal clutter, highly detailed boundaries, realistic optical transitions.","thick merged edges, broken contours, blob artifacts, oversmoothing, halos, noisy background, low detail",211013,main
main_thin_boundary_014,thin-boundary,wire_mesh,"shallow-focus field photo of bonsai twigs against warm candlelit darkness, hairline contours remain clean, minimal clutter, highly detailed boundaries, realistic optical transitions.","thick merged edges, broken contours, blob artifacts, oversmoothing, halos, noisy background, low detail",211014,main
main_thin_boundary_015,thin-boundary,lace_edge,"museum-display close-up of bonsai twigs in cool overcast daylight, fine transparent edges stay visible, minimal clutter, highly detailed boundaries, realistic optical transitions.","thick merged edges, broken contours, blob artifacts, oversmoothing, halos, noisy background, low detail",211015,main
main_thin_boundary_016,thin-boundary,reflective_trim,"macro close-up of a soap bubble cluster against black velvet, thin reflective outlines separate from the background, minimal clutter, highly detailed boundaries, realistic optical transitions.","thick merged edges, broken contours, blob artifacts, oversmoothing, halos, noisy background, low detail",211016,main
main_thin_boundary_017,thin-boundary,branch_silhouette,"side-lit detail study of a soap bubble cluster against pale gray paper, overlapping lines do not merge, minimal clutter, highly detailed boundaries, realistic optical transitions.","thick merged edges, broken contours, blob artifacts, oversmoothing, halos, noisy background, low detail",211017,main
main_thin_boundary_018,thin-boundary,transparent_rib,"backlit profile crop of a soap bubble cluster with rainy street bokeh behind it, delicate mesh geometry stays distinct, minimal clutter, highly detailed boundaries, realistic optical transitions.","thick merged edges, broken contours, blob artifacts, oversmoothing, halos, noisy background, low detail",211018,main
main_thin_boundary_019,thin-boundary,glass_rim,"tight tabletop shot of a soap bubble cluster beside a foggy window, minute filigree gaps remain open, minimal clutter, highly detailed boundaries, realistic optical transitions.","thick merged edges, broken contours, blob artifacts, oversmoothing, halos, noisy background, low detail",211019,main
main_thin_boundary_020,thin-boundary,wire_mesh,"overhead still-life crop of a soap bubble cluster over a dark wooden table, narrow bright rims stay continuous, minimal clutter, highly detailed boundaries, realistic optical transitions.","thick merged edges, broken contours, blob artifacts, oversmoothing, halos, noisy background, low detail",211020,main
main_thin_boundary_021,thin-boundary,lace_edge,"shallow-focus field photo of a soap bubble cluster against a soft blue studio sweep, fragile silhouettes hold their shape, minimal clutter, highly detailed boundaries, realistic optical transitions.","thick merged edges, broken contours, blob artifacts, oversmoothing, halos, noisy background, low detail",211021,main
main_thin_boundary_022,thin-boundary,reflective_trim,"museum-display close-up of a soap bubble cluster in cool overcast daylight, hairline contours remain clean, minimal clutter, highly detailed boundaries, realistic optical transitions.","thick merged edges, broken contours, blob artifacts, oversmoothing, halos, noisy background, low detail",211022,main
main_thin_boundary_023,thin-boundary,branch_silhouette,"macro close-up of a leaf skeleton against black velvet, fine transparent edges stay visible, minimal clutter, highly detailed boundaries, realistic optical transitions.","thick merged edges, broken contours, blob artifacts, oversmoothing, halos, noisy background, low detail",211023,main
main_thin_boundary_024,thin-boundary,transparent_rib,"side-lit detail study of a leaf skeleton against pale gray paper, thin reflective outlines separate from the background, minimal clutter, highly detailed boundaries, realistic optical transitions.","thick merged edges, broken contours, blob artifacts, oversmoothing, halos, noisy background, low detail",211024,main
main_thin_boundary_025,thin-boundary,glass_rim,"backlit profile crop of a leaf skeleton with rainy street bokeh behind it, overlapping lines do not merge, minimal clutter, highly detailed boundaries, realistic optical transitions.","thick merged edges, broken contours, blob artifacts, oversmoothing, halos, noisy background, low detail",211025,main
main_thin_boundary_026,thin-boundary,wire_mesh,"tight tabletop shot of a leaf skeleton beside a foggy window, delicate mesh geometry stays distinct, minimal clutter, highly detailed boundaries, realistic optical transitions.","thick merged edges, broken contours, blob artifacts, oversmoothing, halos, noisy background, low detail",211026,main
main_thin_boundary_027,thin-boundary,lace_edge,"overhead still-life crop of a leaf skeleton over a dark wooden table, minute filigree gaps remain open, minimal clutter, highly detailed boundaries, realistic optical transitions.","thick merged edges, broken contours, blob artifacts, oversmoothing, halos, noisy background, low detail",211027,main
main_thin_boundary_028,thin-boundary,reflective_trim,"shallow-focus field photo of a leaf skeleton against a soft blue studio sweep, narrow bright rims stay continuous, minimal clutter, highly detailed boundaries, realistic optical transitions.","thick merged edges, broken contours, blob artifacts, oversmoothing, halos, noisy background, low detail",211028,main
main_thin_boundary_029,thin-boundary,branch_silhouette,"museum-display close-up of a leaf skeleton against warm candlelit darkness, fragile silhouettes hold their shape, minimal clutter, highly detailed boundaries, realistic optical transitions.","thick merged edges, broken contours, blob artifacts, oversmoothing, halos, noisy background, low detail",211029,main
main_thin_boundary_030,thin-boundary,transparent_rib,"macro close-up of spider silk on a fence against black velvet, hairline contours remain clean, minimal clutter, highly detailed boundaries, realistic optical transitions.","thick merged edges, broken contours, blob artifacts, oversmoothing, halos, noisy background, low detail",211030,main
main_thin_boundary_031,thin-boundary,glass_rim,"side-lit detail study of spider silk on a fence against pale gray paper, fine transparent edges stay visible, minimal clutter, highly detailed boundaries, realistic optical transitions.","thick merged edges, broken contours, blob artifacts, oversmoothing, halos, noisy background, low detail",211031,main
main_thin_boundary_032,thin-boundary,wire_mesh,"backlit profile crop of spider silk on a fence with rainy street bokeh behind it, thin reflective outlines separate from the background, minimal clutter, highly detailed boundaries, realistic optical transitions.","thick merged edges, broken contours, blob artifacts, oversmoothing, halos, noisy background, low detail",211032,main
main_thin_boundary_033,thin-boundary,lace_edge,"tight tabletop shot of spider silk on a fence beside a foggy window, overlapping lines do not merge, minimal clutter, highly detailed boundaries, realistic optical transitions.","thick merged edges, broken contours, blob artifacts, oversmoothing, halos, noisy background, low detail",211033,main
main_thin_boundary_034,thin-boundary,reflective_trim,"overhead still-life crop of spider silk on a fence over a dark wooden table, delicate mesh geometry stays distinct, minimal clutter, highly detailed boundaries, realistic optical transitions.","thick merged edges, broken contours, blob artifacts, oversmoothing, halos, noisy background, low detail",211034,main
main_thin_boundary_035,thin-boundary,branch_silhouette,"shallow-focus field photo of spider silk on a fence against a soft blue studio sweep, minute filigree gaps remain open, minimal clutter, highly detailed boundaries, realistic optical transitions.","thick merged edges, broken contours, blob artifacts, oversmoothing, halos, noisy background, low detail",211035,main
main_thin_boundary_036,thin-boundary,transparent_rib,"museum-display close-up of spider silk on a fence against warm candlelit darkness, narrow bright rims stay continuous, minimal clutter, highly detailed boundaries, realistic optical transitions.","thick merged edges, broken contours, blob artifacts, oversmoothing, halos, noisy background, low detail",211036,main
main_thin_boundary_037,thin-boundary,glass_rim,"studio silhouette capture of spider silk on a fence in cool overcast daylight, fragile silhouettes hold their shape, minimal clutter, highly detailed boundaries, realistic optical transitions.","thick merged edges, broken contours, blob artifacts, oversmoothing, halos, noisy background, low detail",211037,main
main_thin_boundary_038,thin-boundary,wire_mesh,"side-lit detail study of a wine glass rim against pale gray paper, hairline contours remain clean, minimal clutter, highly detailed boundaries, realistic optical transitions.","thick merged edges, broken contours, blob artifacts, oversmoothing, halos, noisy background, low detail",211038,main
main_thin_boundary_039,thin-boundary,lace_edge,"backlit profile crop of a wine glass rim with rainy street bokeh behind it, fine transparent edges stay visible, minimal clutter, highly detailed boundaries, realistic optical transitions.","thick merged edges, broken contours, blob artifacts, oversmoothing, halos, noisy background, low detail",211039,main
main_thin_boundary_040,thin-boundary,reflective_trim,"tight tabletop shot of a wine glass rim beside a foggy window, thin reflective outlines separate from the background, minimal clutter, highly detailed boundaries, realistic optical transitions.","thick merged edges, broken contours, blob artifacts, oversmoothing, halos, noisy background, low detail",211040,main
main_thin_boundary_041,thin-boundary,branch_silhouette,"overhead still-life crop of a wine glass rim over a dark wooden table, overlapping lines do not merge, minimal clutter, highly detailed boundaries, realistic optical transitions.","thick merged edges, broken contours, blob artifacts, oversmoothing, halos, noisy background, low detail",211041,main
main_thin_boundary_042,thin-boundary,transparent_rib,"shallow-focus field photo of a wine glass rim against a soft blue studio sweep, delicate mesh geometry stays distinct, minimal clutter, highly detailed boundaries, realistic optical transitions.","thick merged edges, broken contours, blob artifacts, oversmoothing, halos, noisy background, low detail",211042,main
main_thin_boundary_043,thin-boundary,glass_rim,"museum-display close-up of a wine glass rim against warm candlelit darkness, minute filigree gaps remain open, minimal clutter, highly detailed boundaries, realistic optical transitions.","thick merged edges, broken contours, blob artifacts, oversmoothing, halos, noisy background, low detail",211043,main
main_thin_boundary_044,thin-boundary,wire_mesh,"studio silhouette capture of a wine glass rim in cool overcast daylight, narrow bright rims stay continuous, minimal clutter, highly detailed boundaries, realistic optical transitions.","thick merged edges, broken contours, blob artifacts, oversmoothing, halos, noisy background, low detail",211044,main
main_thin_boundary_045,thin-boundary,lace_edge,"side-lit detail study of a dragonfly wing lattice against black velvet, fragile silhouettes hold their shape, minimal clutter, highly detailed boundaries, realistic optical transitions.","thick merged edges, broken contours, blob artifacts, oversmoothing, halos, noisy background, low detail",211045,main
main_thin_boundary_046,thin-boundary,reflective_trim,"backlit profile crop of a dragonfly wing lattice with rainy street bokeh behind it, hairline contours remain clean, minimal clutter, highly detailed boundaries, realistic optical transitions.","thick merged edges, broken contours, blob artifacts, oversmoothing, halos, noisy background, low detail",211046,main
main_thin_boundary_047,thin-boundary,branch_silhouette,"tight tabletop shot of a dragonfly wing lattice beside a foggy window, fine transparent edges stay visible, minimal clutter, highly detailed boundaries, realistic optical transitions.","thick merged edges, broken contours, blob artifacts, oversmoothing, halos, noisy background, low detail",211047,main
main_thin_boundary_048,thin-boundary,transparent_rib,"overhead still-life crop of a dragonfly wing lattice over a dark wooden table, thin reflective outlines separate from the background, minimal clutter, highly detailed boundaries, realistic optical transitions.","thick merged edges, broken contours, blob artifacts, oversmoothing, halos, noisy background, low detail",211048,main
main_thin_boundary_049,thin-boundary,glass_rim,"shallow-focus field photo of a dragonfly wing lattice against a soft blue studio sweep, overlapping lines do not merge, minimal clutter, highly detailed boundaries, realistic optical transitions.","thick merged edges, broken contours, blob artifacts, oversmoothing, halos, noisy background, low detail",211049,main
main_thin_boundary_050,thin-boundary,wire_mesh,"museum-display close-up of a dragonfly wing lattice against warm candlelit darkness, delicate mesh geometry stays distinct, minimal clutter, highly detailed boundaries, realistic optical transitions.","thick merged edges, broken contours, blob artifacts, oversmoothing, halos, noisy background, low detail",211050,main
main_thin_boundary_051,thin-boundary,lace_edge,"studio silhouette capture of a dragonfly wing lattice in cool overcast daylight, minute filigree gaps remain open, minimal clutter, highly detailed boundaries, realistic optical transitions.","thick merged edges, broken contours, blob artifacts, oversmoothing, halos, noisy background, low detail",211051,main
main_thin_boundary_052,thin-boundary,reflective_trim,"side-lit detail study of silver bicycle spokes against black velvet, narrow bright rims stay continuous, minimal clutter, highly detailed boundaries, realistic optical transitions.","thick merged edges, broken contours, blob artifacts, oversmoothing, halos, noisy background, low detail",211052,main
main_thin_boundary_053,thin-boundary,branch_silhouette,"backlit profile crop of silver bicycle spokes against pale gray paper, fragile silhouettes hold their shape, minimal clutter, highly detailed boundaries, realistic optical transitions.","thick merged edges, broken contours, blob artifacts, oversmoothing, halos, noisy background, low detail",211053,main
main_thin_boundary_054,thin-boundary,transparent_rib,"tight tabletop shot of silver bicycle spokes beside a foggy window, hairline contours remain clean, minimal clutter, highly detailed boundaries, realistic optical transitions.","thick merged edges, broken contours, blob artifacts, oversmoothing, halos, noisy background, low detail",211054,main
main_thin_boundary_055,thin-boundary,glass_rim,"overhead still-life crop of silver bicycle spokes over a dark wooden table, fine transparent edges stay visible, minimal clutter, highly detailed boundaries, realistic optical transitions.","thick merged edges, broken contours, blob artifacts, oversmoothing, halos, noisy background, low detail",211055,main
main_thin_boundary_056,thin-boundary,wire_mesh,"shallow-focus field photo of silver bicycle spokes against a soft blue studio sweep, thin reflective outlines separate from the background, minimal clutter, highly detailed boundaries, realistic optical transitions.","thick merged edges, broken contours, blob artifacts, oversmoothing, halos, noisy background, low detail",211056,main
main_thin_boundary_057,thin-boundary,lace_edge,"museum-display close-up of silver bicycle spokes against warm candlelit darkness, overlapping lines do not merge, minimal clutter, highly detailed boundaries, realistic optical transitions.","thick merged edges, broken contours, blob artifacts, oversmoothing, halos, noisy background, low detail",211057,main
main_thin_boundary_058,thin-boundary,reflective_trim,"studio silhouette capture of silver bicycle spokes in cool overcast daylight, delicate mesh geometry stays distinct, minimal clutter, highly detailed boundaries, realistic optical transitions.","thick merged edges, broken contours, blob artifacts, oversmoothing, halos, noisy background, low detail",211058,main
main_thin_boundary_059,thin-boundary,branch_silhouette,"side-lit detail study of a lace wedding veil edge against black velvet, minute filigree gaps remain open, minimal clutter, highly detailed boundaries, realistic optical transitions.","thick merged edges, broken contours, blob artifacts, oversmoothing, halos, noisy background, low detail",211059,main
main_thin_boundary_060,thin-boundary,transparent_rib,"backlit profile crop of a lace wedding veil edge against pale gray paper, narrow bright rims stay continuous, minimal clutter, highly detailed boundaries, realistic optical transitions.","thick merged edges, broken contours, blob artifacts, oversmoothing, halos, noisy background, low detail",211060,main
main_thin_boundary_061,thin-boundary,glass_rim,"tight tabletop shot of a lace wedding veil edge with rainy street bokeh behind it, fragile silhouettes hold their shape, minimal clutter, highly detailed boundaries, realistic optical transitions.","thick merged edges, broken contours, blob artifacts, oversmoothing, halos, noisy background, low detail",211061,main
main_thin_boundary_062,thin-boundary,wire_mesh,"overhead still-life crop of a lace wedding veil edge over a dark wooden table, hairline contours remain clean, minimal clutter, highly detailed boundaries, realistic optical transitions.","thick merged edges, broken contours, blob artifacts, oversmoothing, halos, noisy background, low detail",211062,main
main_thin_boundary_063,thin-boundary,lace_edge,"shallow-focus field photo of a lace wedding veil edge against a soft blue studio sweep, fine transparent edges stay visible, minimal clutter, highly detailed boundaries, realistic optical transitions.","thick merged edges, broken contours, blob artifacts, oversmoothing, halos, noisy background, low detail",211063,main
main_thin_boundary_064,thin-boundary,reflective_trim,"museum-display close-up of a lace wedding veil edge against warm candlelit darkness, thin reflective outlines separate from the background, minimal clutter, highly detailed boundaries, realistic optical transitions.","thick merged edges, broken contours, blob artifacts, oversmoothing, halos, noisy background, low detail",211064,main
main_thin_boundary_065,thin-boundary,branch_silhouette,"studio silhouette capture of a lace wedding veil edge in cool overcast daylight, overlapping lines do not merge, minimal clutter, highly detailed boundaries, realistic optical transitions.","thick merged edges, broken contours, blob artifacts, oversmoothing, halos, noisy background, low detail",211065,main
main_thin_boundary_066,thin-boundary,transparent_rib,"side-lit detail study of clear umbrella ribs against black velvet, delicate mesh geometry stays distinct, minimal clutter, highly detailed boundaries, realistic optical transitions.","thick merged edges, broken contours, blob artifacts, oversmoothing, halos, noisy background, low detail",211066,main
main_thin_boundary_067,thin-boundary,glass_rim,"backlit profile crop of clear umbrella ribs against pale gray paper, minute filigree gaps remain open, minimal clutter, highly detailed boundaries, realistic optical transitions.","thick merged edges, broken contours, blob artifacts, oversmoothing, halos, noisy background, low detail",211067,main
main_thin_boundary_068,thin-boundary,wire_mesh,"tight tabletop shot of clear umbrella ribs with rainy street bokeh behind it, narrow bright rims stay continuous, minimal clutter, highly detailed boundaries, realistic optical transitions.","thick merged edges, broken contours, blob artifacts, oversmoothing, halos, noisy background, low detail",211068,main
main_thin_boundary_069,thin-boundary,lace_edge,"overhead still-life crop of clear umbrella ribs beside a foggy window, fragile silhouettes hold their shape, minimal clutter, highly detailed boundaries, realistic optical transitions.","thick merged edges, broken contours, blob artifacts, oversmoothing, halos, noisy background, low detail",211069,main
main_thin_boundary_070,thin-boundary,reflective_trim,"shallow-focus field photo of clear umbrella ribs against a soft blue studio sweep, hairline contours remain clean, minimal clutter, highly detailed boundaries, realistic optical transitions.","thick merged edges, broken contours, blob artifacts, oversmoothing, halos, noisy background, low detail",211070,main
main_thin_boundary_071,thin-boundary,branch_silhouette,"museum-display close-up of clear umbrella ribs against warm candlelit darkness, fine transparent edges stay visible, minimal clutter, highly detailed boundaries, realistic optical transitions.","thick merged edges, broken contours, blob artifacts, oversmoothing, halos, noisy background, low detail",211071,main
main_thin_boundary_072,thin-boundary,transparent_rib,"studio silhouette capture of clear umbrella ribs in cool overcast daylight, thin reflective outlines separate from the background, minimal clutter, highly detailed boundaries, realistic optical transitions.","thick merged edges, broken contours, blob artifacts, oversmoothing, halos, noisy background, low detail",211072,main
main_thin_boundary_073,thin-boundary,glass_rim,"side-lit detail study of violin strings over dark wood against black velvet, overlapping lines do not merge, minimal clutter, highly detailed boundaries, realistic optical transitions.","thick merged edges, broken contours, blob artifacts, oversmoothing, halos, noisy background, low detail",211073,main
main_thin_boundary_074,thin-boundary,wire_mesh,"backlit profile crop of violin strings over dark wood against pale gray paper, delicate mesh geometry stays distinct, minimal clutter, highly detailed boundaries, realistic optical transitions.","thick merged edges, broken contours, blob artifacts, oversmoothing, halos, noisy background, low detail",211074,main
main_thin_boundary_075,thin-boundary,lace_edge,"tight tabletop shot of violin strings over dark wood with rainy street bokeh behind it, minute filigree gaps remain open, minimal clutter, highly detailed boundaries, realistic optical transitions.","thick merged edges, broken contours, blob artifacts, oversmoothing, halos, noisy background, low detail",211075,main
main_thin_boundary_076,thin-boundary,reflective_trim,"overhead still-life crop of violin strings over dark wood beside a foggy window, narrow bright rims stay continuous, minimal clutter, highly detailed boundaries, realistic optical transitions.","thick merged edges, broken contours, blob artifacts, oversmoothing, halos, noisy background, low detail",211076,main
main_thin_boundary_077,thin-boundary,branch_silhouette,"shallow-focus field photo of violin strings over dark wood over a dark wooden table, fragile silhouettes hold their shape, minimal clutter, highly detailed boundaries, realistic optical transitions.","thick merged edges, broken contours, blob artifacts, oversmoothing, halos, noisy background, low detail",211077,main
main_thin_boundary_078,thin-boundary,transparent_rib,"museum-display close-up of violin strings over dark wood against warm candlelit darkness, hairline contours remain clean, minimal clutter, highly detailed boundaries, realistic optical transitions.","thick merged edges, broken contours, blob artifacts, oversmoothing, halos, noisy background, low detail",211078,main
main_thin_boundary_079,thin-boundary,glass_rim,"studio silhouette capture of violin strings over dark wood in cool overcast daylight, fine transparent edges stay visible, minimal clutter, highly detailed boundaries, realistic optical transitions.","thick merged edges, broken contours, blob artifacts, oversmoothing, halos, noisy background, low detail",211079,main
main_thin_boundary_080,thin-boundary,wire_mesh,"side-lit detail study of a porcelain teacup with gold trim against black velvet, thin reflective outlines separate from the background, minimal clutter, highly detailed boundaries, realistic optical transitions.","thick merged edges, broken contours, blob artifacts, oversmoothing, halos, noisy background, low detail",211080,main
main_thin_boundary_081,thin-boundary,lace_edge,"backlit profile crop of a porcelain teacup with gold trim against pale gray paper, overlapping lines do not merge, minimal clutter, highly detailed boundaries, realistic optical transitions.","thick merged edges, broken contours, blob artifacts, oversmoothing, halos, noisy background, low detail",211081,main
main_thin_boundary_082,thin-boundary,reflective_trim,"tight tabletop shot of a porcelain teacup with gold trim with rainy street bokeh behind it, delicate mesh geometry stays distinct, minimal clutter, highly detailed boundaries, realistic optical transitions.","thick merged edges, broken contours, blob artifacts, oversmoothing, halos, noisy background, low detail",211082,main
main_thin_boundary_083,thin-boundary,branch_silhouette,"overhead still-life crop of a porcelain teacup with gold trim beside a foggy window, minute filigree gaps remain open, minimal clutter, highly detailed boundaries, realistic optical transitions.","thick merged edges, broken contours, blob artifacts, oversmoothing, halos, noisy background, low detail",211083,main
main_thin_boundary_084,thin-boundary,transparent_rib,"shallow-focus field photo of a porcelain teacup with gold trim over a dark wooden table, narrow bright rims stay continuous, minimal clutter, highly detailed boundaries, realistic optical transitions.","thick merged edges, broken contours, blob artifacts, oversmoothing, halos, noisy background, low detail",211084,main
main_thin_boundary_085,thin-boundary,glass_rim,"museum-display close-up of a porcelain teacup with gold trim against a soft blue studio sweep, fragile silhouettes hold their shape, minimal clutter, highly detailed boundaries, realistic optical transitions.","thick merged edges, broken contours, blob artifacts, oversmoothing, halos, noisy background, low detail",211085,main
main_thin_boundary_086,thin-boundary,wire_mesh,"studio silhouette capture of a porcelain teacup with gold trim in cool overcast daylight, hairline contours remain clean, minimal clutter, highly detailed boundaries, realistic optical transitions.","thick merged edges, broken contours, blob artifacts, oversmoothing, halos, noisy background, low detail",211086,main
main_thin_boundary_087,thin-boundary,lace_edge,"side-lit detail study of filigree earrings against black velvet, fine transparent edges stay visible, minimal clutter, highly detailed boundaries, realistic optical transitions.","thick merged edges, broken contours, blob artifacts, oversmoothing, halos, noisy background, low detail",211087,main
main_thin_boundary_088,thin-boundary,reflective_trim,"backlit profile crop of filigree earrings against pale gray paper, thin reflective outlines separate from the background, minimal clutter, highly detailed boundaries, realistic optical transitions.","thick merged edges, broken contours, blob artifacts, oversmoothing, halos, noisy background, low detail",211088,main
main_thin_boundary_089,thin-boundary,branch_silhouette,"tight tabletop shot of filigree earrings with rainy street bokeh behind it, overlapping lines do not merge, minimal clutter, highly detailed boundaries, realistic optical transitions.","thick merged edges, broken contours, blob artifacts, oversmoothing, halos, noisy background, low detail",211089,main
main_thin_boundary_090,thin-boundary,transparent_rib,"overhead still-life crop of filigree earrings beside a foggy window, delicate mesh geometry stays distinct, minimal clutter, highly detailed boundaries, realistic optical transitions.","thick merged edges, broken contours, blob artifacts, oversmoothing, halos, noisy background, low detail",211090,main
main_thin_boundary_091,thin-boundary,glass_rim,"shallow-focus field photo of filigree earrings over a dark wooden table, minute filigree gaps remain open, minimal clutter, highly detailed boundaries, realistic optical transitions.","thick merged edges, broken contours, blob artifacts, oversmoothing, halos, noisy background, low detail",211091,main
main_thin_boundary_092,thin-boundary,wire_mesh,"museum-display close-up of filigree earrings against a soft blue studio sweep, narrow bright rims stay continuous, minimal clutter, highly detailed boundaries, realistic optical transitions.","thick merged edges, broken contours, blob artifacts, oversmoothing, halos, noisy background, low detail",211092,main
main_thin_boundary_093,thin-boundary,lace_edge,"studio silhouette capture of filigree earrings against warm candlelit darkness, fragile silhouettes hold their shape, minimal clutter, highly detailed boundaries, realistic optical transitions.","thick merged edges, broken contours, blob artifacts, oversmoothing, halos, noisy background, low detail",211093,main
main_thin_boundary_094,thin-boundary,reflective_trim,"side-lit detail study of bonsai twigs against black velvet, hairline contours remain clean, minimal clutter, highly detailed boundaries, realistic optical transitions.","thick merged edges, broken contours, blob artifacts, oversmoothing, halos, noisy background, low detail",211094,main
main_thin_boundary_095,thin-boundary,branch_silhouette,"backlit profile crop of bonsai twigs against pale gray paper, fine transparent edges stay visible, minimal clutter, highly detailed boundaries, realistic optical transitions.","thick merged edges, broken contours, blob artifacts, oversmoothing, halos, noisy background, low detail",211095,main
main_thin_boundary_096,thin-boundary,transparent_rib,"tight tabletop shot of bonsai twigs with rainy street bokeh behind it, thin reflective outlines separate from the background, minimal clutter, highly detailed boundaries, realistic optical transitions.","thick merged edges, broken contours, blob artifacts, oversmoothing, halos, noisy background, low detail",211096,main
main_thin_boundary_097,thin-boundary,glass_rim,"overhead still-life crop of bonsai twigs beside a foggy window, overlapping lines do not merge, minimal clutter, highly detailed boundaries, realistic optical transitions.","thick merged edges, broken contours, blob artifacts, oversmoothing, halos, noisy background, low detail",211097,main
main_thin_boundary_098,thin-boundary,wire_mesh,"shallow-focus field photo of bonsai twigs over a dark wooden table, delicate mesh geometry stays distinct, minimal clutter, highly detailed boundaries, realistic optical transitions.","thick merged edges, broken contours, blob artifacts, oversmoothing, halos, noisy background, low detail",211098,main
main_thin_boundary_099,thin-boundary,lace_edge,"museum-display close-up of bonsai twigs against a soft blue studio sweep, minute filigree gaps remain open, minimal clutter, highly detailed boundaries, realistic optical transitions.","thick merged edges, broken contours, blob artifacts, oversmoothing, halos, noisy background, low detail",211099,main
main_thin_boundary_100,thin-boundary,reflective_trim,"studio silhouette capture of bonsai twigs against warm candlelit darkness, narrow bright rims stay continuous, minimal clutter, highly detailed boundaries, realistic optical transitions.","thick merged edges, broken contours, blob artifacts, oversmoothing, halos, noisy background, low detail",211100,main
main_repeated_pattern_001,repeated-pattern,window_grid,"corner-to-corner crop of bookshelf spines, dense repeating elements across the frame, with soft indoor daylight, consistent spacing, no single dominant foreground subject.","collapsed repetition, warped grid, random missing units, mushy texture, moire artifacts, low detail",212001,main
main_repeated_pattern_002,repeated-pattern,textile_repeat,"corner-to-corner crop of bookshelf spines, dense repeating elements across the frame, with alternating color accents, consistent spacing, no single dominant foreground subject.","collapsed repetition, warped grid, random missing units, mushy texture, moire artifacts, low detail",212002,main
main_repeated_pattern_003,repeated-pattern,brick_repeat,"straight-on facade crop of computer keyboard keys, dense repeating elements across the frame, with subtle shadows between units, consistent spacing, no single dominant foreground subject.","collapsed repetition, warped grid, random missing units, mushy texture, moire artifacts, low detail",212003,main
main_repeated_pattern_004,repeated-pattern,tile_array,"oblique rooftop view of computer keyboard keys, dense repeating elements across the frame, under even overcast light, consistent spacing, no single dominant foreground subject.","collapsed repetition, warped grid, random missing units, mushy texture, moire artifacts, low detail",212004,main
main_repeated_pattern_005,repeated-pattern,panel_grid,"oblique rooftop view of computer keyboard keys, dense repeating elements across the frame, with glossy highlights on some repeats, consistent spacing, no single dominant foreground subject.","collapsed repetition, warped grid, random missing units, mushy texture, moire artifacts, low detail",212005,main
main_repeated_pattern_006,repeated-pattern,shelf_rows,"tight material close-up of computer keyboard keys, dense repeating elements across the frame, with mild perspective skew, consistent spacing, no single dominant foreground subject.","collapsed repetition, warped grid, random missing units, mushy texture, moire artifacts, low detail",212006,main
main_repeated_pattern_007,repeated-pattern,window_grid,"tight material close-up of computer keyboard keys, dense repeating elements across the frame, with fine seams visible between elements, consistent spacing, no single dominant foreground subject.","collapsed repetition, warped grid, random missing units, mushy texture, moire artifacts, low detail",212007,main
main_repeated_pattern_008,repeated-pattern,textile_repeat,"eye-level aisle photograph of computer keyboard keys, dense repeating elements across the frame, with worn edges and slight variation, consistent spacing, no single dominant foreground subject.","collapsed repetition, warped grid, random missing units, mushy texture, moire artifacts, low detail",212008,main
main_repeated_pattern_009,repeated-pattern,brick_repeat,"overhead pattern study of computer keyboard keys, dense repeating elements across the frame, with soft indoor daylight, consistent spacing, no single dominant foreground subject.","collapsed repetition, warped grid, random missing units, mushy texture, moire artifacts, low detail",212009,main
main_repeated_pattern_010,repeated-pattern,tile_array,"overhead pattern study of computer keyboard keys, dense repeating elements across the frame, with alternating color accents, consistent spacing, no single dominant foreground subject.","collapsed repetition, warped grid, random missing units, mushy texture, moire artifacts, low detail",212010,main
main_repeated_pattern_011,repeated-pattern,panel_grid,"wide documentary frame of computer keyboard keys, dense repeating elements across the frame, with subtle shadows between units, consistent spacing, no single dominant foreground subject.","collapsed repetition, warped grid, random missing units, mushy texture, moire artifacts, low detail",212011,main
main_repeated_pattern_012,repeated-pattern,shelf_rows,"compressed telephoto view of computer keyboard keys, dense repeating elements across the frame, under even overcast light, consistent spacing, no single dominant foreground subject.","collapsed repetition, warped grid, random missing units, mushy texture, moire artifacts, low detail",212012,main
main_repeated_pattern_013,repeated-pattern,window_grid,"compressed telephoto view of computer keyboard keys, dense repeating elements across the frame, with glossy highlights on some repeats, consistent spacing, no single dominant foreground subject.","collapsed repetition, warped grid, random missing units, mushy texture, moire artifacts, low detail",212013,main
main_repeated_pattern_014,repeated-pattern,textile_repeat,"corner-to-corner crop of computer keyboard keys, dense repeating elements across the frame, with mild perspective skew, consistent spacing, no single dominant foreground subject.","collapsed repetition, warped grid, random missing units, mushy texture, moire artifacts, low detail",212014,main
main_repeated_pattern_015,repeated-pattern,brick_repeat,"corner-to-corner crop of computer keyboard keys, dense repeating elements across the frame, with fine seams visible between elements, consistent spacing, no single dominant foreground subject.","collapsed repetition, warped grid, random missing units, mushy texture, moire artifacts, low detail",212015,main
main_repeated_pattern_016,repeated-pattern,tile_array,"straight-on facade crop of a brick courtyard wall, dense repeating elements across the frame, with worn edges and slight variation, consistent spacing, no single dominant foreground subject.","collapsed repetition, warped grid, random missing units, mushy texture, moire artifacts, low detail",212016,main
main_repeated_pattern_017,repeated-pattern,panel_grid,"oblique rooftop view of a brick courtyard wall, dense repeating elements across the frame, with soft indoor daylight, consistent spacing, no single dominant foreground subject.","collapsed repetition, warped grid, random missing units, mushy texture, moire artifacts, low detail",212017,main
main_repeated_pattern_018,repeated-pattern,shelf_rows,"oblique rooftop view of a brick courtyard wall, dense repeating elements across the frame, with alternating color accents, consistent spacing, no single dominant foreground subject.","collapsed repetition, warped grid, random missing units, mushy texture, moire artifacts, low detail",212018,main
main_repeated_pattern_019,repeated-pattern,window_grid,"tight material close-up of a brick courtyard wall, dense repeating elements across the frame, with subtle shadows between units, consistent spacing, no single dominant foreground subject.","collapsed repetition, warped grid, random missing units, mushy texture, moire artifacts, low detail",212019,main
main_repeated_pattern_020,repeated-pattern,textile_repeat,"eye-level aisle photograph of a brick courtyard wall, dense repeating elements across the frame, under even overcast light, consistent spacing, no single dominant foreground subject.","collapsed repetition, warped grid, random missing units, mushy texture, moire artifacts, low detail",212020,main
main_repeated_pattern_021,repeated-pattern,brick_repeat,"eye-level aisle photograph of a brick courtyard wall, dense repeating elements across the frame, with glossy highlights on some repeats, consistent spacing, no single dominant foreground subject.","collapsed repetition, warped grid, random missing units, mushy texture, moire artifacts, low detail",212021,main
main_repeated_pattern_022,repeated-pattern,tile_array,"overhead pattern study of a brick courtyard wall, dense repeating elements across the frame, with mild perspective skew, consistent spacing, no single dominant foreground subject.","collapsed repetition, warped grid, random missing units, mushy texture, moire artifacts, low detail",212022,main
main_repeated_pattern_023,repeated-pattern,panel_grid,"overhead pattern study of a brick courtyard wall, dense repeating elements across the frame, with fine seams visible between elements, consistent spacing, no single dominant foreground subject.","collapsed repetition, warped grid, random missing units, mushy texture, moire artifacts, low detail",212023,main
main_repeated_pattern_024,repeated-pattern,shelf_rows,"wide documentary frame of a brick courtyard wall, dense repeating elements across the frame, with worn edges and slight variation, consistent spacing, no single dominant foreground subject.","collapsed repetition, warped grid, random missing units, mushy texture, moire artifacts, low detail",212024,main
main_repeated_pattern_025,repeated-pattern,window_grid,"compressed telephoto view of a brick courtyard wall, dense repeating elements across the frame, with soft indoor daylight, consistent spacing, no single dominant foreground subject.","collapsed repetition, warped grid, random missing units, mushy texture, moire artifacts, low detail",212025,main
main_repeated_pattern_026,repeated-pattern,textile_repeat,"compressed telephoto view of a brick courtyard wall, dense repeating elements across the frame, with alternating color accents, consistent spacing, no single dominant foreground subject.","collapsed repetition, warped grid, random missing units, mushy texture, moire artifacts, low detail",212026,main
main_repeated_pattern_027,repeated-pattern,brick_repeat,"corner-to-corner crop of a brick courtyard wall, dense repeating elements across the frame, with subtle shadows between units, consistent spacing, no single dominant foreground subject.","collapsed repetition, warped grid, random missing units, mushy texture, moire artifacts, low detail",212027,main
main_repeated_pattern_028,repeated-pattern,tile_array,"straight-on facade crop of a solar panel array, dense repeating elements across the frame, under even overcast light, consistent spacing, no single dominant foreground subject.","collapsed repetition, warped grid, random missing units, mushy texture, moire artifacts, low detail",212028,main
main_repeated_pattern_029,repeated-pattern,panel_grid,"straight-on facade crop of a solar panel array, dense repeating elements across the frame, with glossy highlights on some repeats, consistent spacing, no single dominant foreground subject.","collapsed repetition, warped grid, random missing units, mushy texture, moire artifacts, low detail",212029,main
main_repeated_pattern_030,repeated-pattern,shelf_rows,"oblique rooftop view of a solar panel array, dense repeating elements across the frame, with mild perspective skew, consistent spacing, no single dominant foreground subject.","collapsed repetition, warped grid, random missing units, mushy texture, moire artifacts, low detail",212030,main
main_repeated_pattern_031,repeated-pattern,window_grid,"oblique rooftop view of a solar panel array, dense repeating elements across the frame, with fine seams visible between elements, consistent spacing, no single dominant foreground subject.","collapsed repetition, warped grid, random missing units, mushy texture, moire artifacts, low detail",212031,main
main_repeated_pattern_032,repeated-pattern,textile_repeat,"tight material close-up of a solar panel array, dense repeating elements across the frame, with worn edges and slight variation, consistent spacing, no single dominant foreground subject.","collapsed repetition, warped grid, random missing units, mushy texture, moire artifacts, low detail",212032,main
main_repeated_pattern_033,repeated-pattern,brick_repeat,"eye-level aisle photograph of a solar panel array, dense repeating elements across the frame, with soft indoor daylight, consistent spacing, no single dominant foreground subject.","collapsed repetition, warped grid, random missing units, mushy texture, moire artifacts, low detail",212033,main
main_repeated_pattern_034,repeated-pattern,tile_array,"eye-level aisle photograph of a solar panel array, dense repeating elements across the frame, with alternating color accents, consistent spacing, no single dominant foreground subject.","collapsed repetition, warped grid, random missing units, mushy texture, moire artifacts, low detail",212034,main
main_repeated_pattern_035,repeated-pattern,panel_grid,"overhead pattern study of a solar panel array, dense repeating elements across the frame, with subtle shadows between units, consistent spacing, no single dominant foreground subject.","collapsed repetition, warped grid, random missing units, mushy texture, moire artifacts, low detail",212035,main
main_repeated_pattern_036,repeated-pattern,shelf_rows,"wide documentary frame of a solar panel array, dense repeating elements across the frame, under even overcast light, consistent spacing, no single dominant foreground subject.","collapsed repetition, warped grid, random missing units, mushy texture, moire artifacts, low detail",212036,main
main_repeated_pattern_037,repeated-pattern,window_grid,"wide documentary frame of a solar panel array, dense repeating elements across the frame, with glossy highlights on some repeats, consistent spacing, no single dominant foreground subject.","collapsed repetition, warped grid, random missing units, mushy texture, moire artifacts, low detail",212037,main
main_repeated_pattern_038,repeated-pattern,textile_repeat,"compressed telephoto view of a solar panel array, dense repeating elements across the frame, with mild perspective skew, consistent spacing, no single dominant foreground subject.","collapsed repetition, warped grid, random missing units, mushy texture, moire artifacts, low detail",212038,main
main_repeated_pattern_039,repeated-pattern,brick_repeat,"compressed telephoto view of a solar panel array, dense repeating elements across the frame, with fine seams visible between elements, consistent spacing, no single dominant foreground subject.","collapsed repetition, warped grid, random missing units, mushy texture, moire artifacts, low detail",212039,main
main_repeated_pattern_040,repeated-pattern,tile_array,"corner-to-corner crop of a solar panel array, dense repeating elements across the frame, with worn edges and slight variation, consistent spacing, no single dominant foreground subject.","collapsed repetition, warped grid, random missing units, mushy texture, moire artifacts, low detail",212040,main
main_repeated_pattern_041,repeated-pattern,panel_grid,"straight-on facade crop of stadium seats, dense repeating elements across the frame, with soft indoor daylight, consistent spacing, no single dominant foreground subject.","collapsed repetition, warped grid, random missing units, mushy texture, moire artifacts, low detail",212041,main
main_repeated_pattern_042,repeated-pattern,shelf_rows,"straight-on facade crop of stadium seats, dense repeating elements across the frame, with alternating color accents, consistent spacing, no single dominant foreground subject.","collapsed repetition, warped grid, random missing units, mushy texture, moire artifacts, low detail",212042,main
main_repeated_pattern_043,repeated-pattern,window_grid,"oblique rooftop view of stadium seats, dense repeating elements across the frame, with subtle shadows between units, consistent spacing, no single dominant foreground subject.","collapsed repetition, warped grid, random missing units, mushy texture, moire artifacts, low detail",212043,main
main_repeated_pattern_044,repeated-pattern,textile_repeat,"tight material close-up of stadium seats, dense repeating elements across the frame, under even overcast light, consistent spacing, no single dominant foreground subject.","collapsed repetition, warped grid, random missing units, mushy texture, moire artifacts, low detail",212044,main
main_repeated_pattern_045,repeated-pattern,brick_repeat,"tight material close-up of stadium seats, dense repeating elements across the frame, with glossy highlights on some repeats, consistent spacing, no single dominant foreground subject.","collapsed repetition, warped grid, random missing units, mushy texture, moire artifacts, low detail",212045,main
main_repeated_pattern_046,repeated-pattern,tile_array,"eye-level aisle photograph of stadium seats, dense repeating elements across the frame, with mild perspective skew, consistent spacing, no single dominant foreground subject.","collapsed repetition, warped grid, random missing units, mushy texture, moire artifacts, low detail",212046,main
main_repeated_pattern_047,repeated-pattern,panel_grid,"eye-level aisle photograph of stadium seats, dense repeating elements across the frame, with fine seams visible between elements, consistent spacing, no single dominant foreground subject.","collapsed repetition, warped grid, random missing units, mushy texture, moire artifacts, low detail",212047,main
main_repeated_pattern_048,repeated-pattern,shelf_rows,"overhead pattern study of stadium seats, dense repeating elements across the frame, with worn edges and slight variation, consistent spacing, no single dominant foreground subject.","collapsed repetition, warped grid, random missing units, mushy texture, moire artifacts, low detail",212048,main
main_repeated_pattern_049,repeated-pattern,window_grid,"wide documentary frame of stadium seats, dense repeating elements across the frame, with soft indoor daylight, consistent spacing, no single dominant foreground subject.","collapsed repetition, warped grid, random missing units, mushy texture, moire artifacts, low detail",212049,main
main_repeated_pattern_050,repeated-pattern,textile_repeat,"wide documentary frame of stadium seats, dense repeating elements across the frame, with alternating color accents, consistent spacing, no single dominant foreground subject.","collapsed repetition, warped grid, random missing units, mushy texture, moire artifacts, low detail",212050,main
main_repeated_pattern_051,repeated-pattern,brick_repeat,"compressed telephoto view of stadium seats, dense repeating elements across the frame, with subtle shadows between units, consistent spacing, no single dominant foreground subject.","collapsed repetition, warped grid, random missing units, mushy texture, moire artifacts, low detail",212051,main
main_repeated_pattern_052,repeated-pattern,tile_array,"corner-to-corner crop of stadium seats, dense repeating elements across the frame, under even overcast light, consistent spacing, no single dominant foreground subject.","collapsed repetition, warped grid, random missing units, mushy texture, moire artifacts, low detail",212052,main
main_repeated_pattern_053,repeated-pattern,panel_grid,"corner-to-corner crop of stadium seats, dense repeating elements across the frame, with glossy highlights on some repeats, consistent spacing, no single dominant foreground subject.","collapsed repetition, warped grid, random missing units, mushy texture, moire artifacts, low detail",212053,main
main_repeated_pattern_054,repeated-pattern,shelf_rows,"straight-on facade crop of server rack indicator rows, dense repeating elements across the frame, with mild perspective skew, consistent spacing, no single dominant foreground subject.","collapsed repetition, warped grid, random missing units, mushy texture, moire artifacts, low detail",212054,main
main_repeated_pattern_055,repeated-pattern,window_grid,"straight-on facade crop of server rack indicator rows, dense repeating elements across the frame, with fine seams visible between elements, consistent spacing, no single dominant foreground subject.","collapsed repetition, warped grid, random missing units, mushy texture, moire artifacts, low detail",212055,main
main_repeated_pattern_056,repeated-pattern,textile_repeat,"oblique rooftop view of server rack indicator rows, dense repeating elements across the frame, with worn edges and slight variation, consistent spacing, no single dominant foreground subject.","collapsed repetition, warped grid, random missing units, mushy texture, moire artifacts, low detail",212056,main
main_repeated_pattern_057,repeated-pattern,brick_repeat,"tight material close-up of server rack indicator rows, dense repeating elements across the frame, with soft indoor daylight, consistent spacing, no single dominant foreground subject.","collapsed repetition, warped grid, random missing units, mushy texture, moire artifacts, low detail",212057,main
main_repeated_pattern_058,repeated-pattern,tile_array,"tight material close-up of server rack indicator rows, dense repeating elements across the frame, with alternating color accents, consistent spacing, no single dominant foreground subject.","collapsed repetition, warped grid, random missing units, mushy texture, moire artifacts, low detail",212058,main
main_repeated_pattern_059,repeated-pattern,panel_grid,"eye-level aisle photograph of server rack indicator rows, dense repeating elements across the frame, with subtle shadows between units, consistent spacing, no single dominant foreground subject.","collapsed repetition, warped grid, random missing units, mushy texture, moire artifacts, low detail",212059,main
main_repeated_pattern_060,repeated-pattern,shelf_rows,"overhead pattern study of server rack indicator rows, dense repeating elements across the frame, under even overcast light, consistent spacing, no single dominant foreground subject.","collapsed repetition, warped grid, random missing units, mushy texture, moire artifacts, low detail",212060,main
main_repeated_pattern_061,repeated-pattern,window_grid,"overhead pattern study of server rack indicator rows, dense repeating elements across the frame, with glossy highlights on some repeats, consistent spacing, no single dominant foreground subject.","collapsed repetition, warped grid, random missing units, mushy texture, moire artifacts, low detail",212061,main
main_repeated_pattern_062,repeated-pattern,textile_repeat,"wide documentary frame of server rack indicator rows, dense repeating elements across the frame, with mild perspective skew, consistent spacing, no single dominant foreground subject.","collapsed repetition, warped grid, random missing units, mushy texture, moire artifacts, low detail",212062,main
main_repeated_pattern_063,repeated-pattern,brick_repeat,"wide documentary frame of server rack indicator rows, dense repeating elements across the frame, with fine seams visible between elements, consistent spacing, no single dominant foreground subject.","collapsed repetition, warped grid, random missing units, mushy texture, moire artifacts, low detail",212063,main
main_repeated_pattern_064,repeated-pattern,tile_array,"compressed telephoto view of server rack indicator rows, dense repeating elements across the frame, with worn edges and slight variation, consistent spacing, no single dominant foreground subject.","collapsed repetition, warped grid, random missing units, mushy texture, moire artifacts, low detail",212064,main
main_repeated_pattern_065,repeated-pattern,panel_grid,"corner-to-corner crop of server rack indicator rows, dense repeating elements across the frame, with soft indoor daylight, consistent spacing, no single dominant foreground subject.","collapsed repetition, warped grid, random missing units, mushy texture, moire artifacts, low detail",212065,main
main_repeated_pattern_066,repeated-pattern,shelf_rows,"corner-to-corner crop of server rack indicator rows, dense repeating elements across the frame, with alternating color accents, consistent spacing, no single dominant foreground subject.","collapsed repetition, warped grid, random missing units, mushy texture, moire artifacts, low detail",212066,main
main_repeated_pattern_067,repeated-pattern,window_grid,"straight-on facade crop of orchard tree rows, dense repeating elements across the frame, with subtle shadows between units, consistent spacing, no single dominant foreground subject.","collapsed repetition, warped grid, random missing units, mushy texture, moire artifacts, low detail",212067,main
main_repeated_pattern_068,repeated-pattern,textile_repeat,"oblique rooftop view of orchard tree rows, dense repeating elements across the frame, under even overcast light, consistent spacing, no single dominant foreground subject.","collapsed repetition, warped grid, random missing units, mushy texture, moire artifacts, low detail",212068,main
main_repeated_pattern_069,repeated-pattern,brick_repeat,"oblique rooftop view of orchard tree rows, dense repeating elements across the frame, with glossy highlights on some repeats, consistent spacing, no single dominant foreground subject.","collapsed repetition, warped grid, random missing units, mushy texture, moire artifacts, low detail",212069,main
main_repeated_pattern_070,repeated-pattern,tile_array,"tight material close-up of orchard tree rows, dense repeating elements across the frame, with mild perspective skew, consistent spacing, no single dominant foreground subject.","collapsed repetition, warped grid, random missing units, mushy texture, moire artifacts, low detail",212070,main
main_repeated_pattern_071,repeated-pattern,panel_grid,"tight material close-up of orchard tree rows, dense repeating elements across the frame, with fine seams visible between elements, consistent spacing, no single dominant foreground subject.","collapsed repetition, warped grid, random missing units, mushy texture, moire artifacts, low detail",212071,main
main_repeated_pattern_072,repeated-pattern,shelf_rows,"eye-level aisle photograph of orchard tree rows, dense repeating elements across the frame, with worn edges and slight variation, consistent spacing, no single dominant foreground subject.","collapsed repetition, warped grid, random missing units, mushy texture, moire artifacts, low detail",212072,main
main_repeated_pattern_073,repeated-pattern,window_grid,"overhead pattern study of orchard tree rows, dense repeating elements across the frame, with soft indoor daylight, consistent spacing, no single dominant foreground subject.","collapsed repetition, warped grid, random missing units, mushy texture, moire artifacts, low detail",212073,main
main_repeated_pattern_074,repeated-pattern,textile_repeat,"overhead pattern study of orchard tree rows, dense repeating elements across the frame, with alternating color accents, consistent spacing, no single dominant foreground subject.","collapsed repetition, warped grid, random missing units, mushy texture, moire artifacts, low detail",212074,main
main_repeated_pattern_075,repeated-pattern,brick_repeat,"wide documentary frame of orchard tree rows, dense repeating elements across the frame, with subtle shadows between units, consistent spacing, no single dominant foreground subject.","collapsed repetition, warped grid, random missing units, mushy texture, moire artifacts, low detail",212075,main
main_repeated_pattern_076,repeated-pattern,tile_array,"compressed telephoto view of orchard tree rows, dense repeating elements across the frame, under even overcast light, consistent spacing, no single dominant foreground subject.","collapsed repetition, warped grid, random missing units, mushy texture, moire artifacts, low detail",212076,main
main_repeated_pattern_077,repeated-pattern,panel_grid,"compressed telephoto view of orchard tree rows, dense repeating elements across the frame, with glossy highlights on some repeats, consistent spacing, no single dominant foreground subject.","collapsed repetition, warped grid, random missing units, mushy texture, moire artifacts, low detail",212077,main
main_repeated_pattern_078,repeated-pattern,shelf_rows,"corner-to-corner crop of orchard tree rows, dense repeating elements across the frame, with mild perspective skew, consistent spacing, no single dominant foreground subject.","collapsed repetition, warped grid, random missing units, mushy texture, moire artifacts, low detail",212078,main
main_repeated_pattern_079,repeated-pattern,window_grid,"corner-to-corner crop of orchard tree rows, dense repeating elements across the frame, with fine seams visible between elements, consistent spacing, no single dominant foreground subject.","collapsed repetition, warped grid, random missing units, mushy texture, moire artifacts, low detail",212079,main
main_repeated_pattern_080,repeated-pattern,textile_repeat,"straight-on facade crop of bathroom wall tiles, dense repeating elements across the frame, with worn edges and slight variation, consistent spacing, no single dominant foreground subject.","collapsed repetition, warped grid, random missing units, mushy texture, moire artifacts, low detail",212080,main
main_repeated_pattern_081,repeated-pattern,brick_repeat,"oblique rooftop view of bathroom wall tiles, dense repeating elements across the frame, with soft indoor daylight, consistent spacing, no single dominant foreground subject.","collapsed repetition, warped grid, random missing units, mushy texture, moire artifacts, low detail",212081,main
main_repeated_pattern_082,repeated-pattern,tile_array,"oblique rooftop view of bathroom wall tiles, dense repeating elements across the frame, with alternating color accents, consistent spacing, no single dominant foreground subject.","collapsed repetition, warped grid, random missing units, mushy texture, moire artifacts, low detail",212082,main
main_repeated_pattern_083,repeated-pattern,panel_grid,"tight material close-up of bathroom wall tiles, dense repeating elements across the frame, with subtle shadows between units, consistent spacing, no single dominant foreground subject.","collapsed repetition, warped grid, random missing units, mushy texture, moire artifacts, low detail",212083,main
main_repeated_pattern_084,repeated-pattern,shelf_rows,"eye-level aisle photograph of bathroom wall tiles, dense repeating elements across the frame, under even overcast light, consistent spacing, no single dominant foreground subject.","collapsed repetition, warped grid, random missing units, mushy texture, moire artifacts, low detail",212084,main
main_repeated_pattern_085,repeated-pattern,window_grid,"eye-level aisle photograph of bathroom wall tiles, dense repeating elements across the frame, with glossy highlights on some repeats, consistent spacing, no single dominant foreground subject.","collapsed repetition, warped grid, random missing units, mushy texture, moire artifacts, low detail",212085,main
main_repeated_pattern_086,repeated-pattern,textile_repeat,"overhead pattern study of bathroom wall tiles, dense repeating elements across the frame, with mild perspective skew, consistent spacing, no single dominant foreground subject.","collapsed repetition, warped grid, random missing units, mushy texture, moire artifacts, low detail",212086,main
main_repeated_pattern_087,repeated-pattern,brick_repeat,"overhead pattern study of bathroom wall tiles, dense repeating elements across the frame, with fine seams visible between elements, consistent spacing, no single dominant foreground subject.","collapsed repetition, warped grid, random missing units, mushy texture, moire artifacts, low detail",212087,main
main_repeated_pattern_088,repeated-pattern,tile_array,"wide documentary frame of bathroom wall tiles, dense repeating elements across the frame, with worn edges and slight variation, consistent spacing, no single dominant foreground subject.","collapsed repetition, warped grid, random missing units, mushy texture, moire artifacts, low detail",212088,main
main_repeated_pattern_089,repeated-pattern,panel_grid,"compressed telephoto view of bathroom wall tiles, dense repeating elements across the frame, with soft indoor daylight, consistent spacing, no single dominant foreground subject.","collapsed repetition, warped grid, random missing units, mushy texture, moire artifacts, low detail",212089,main
main_repeated_pattern_090,repeated-pattern,shelf_rows,"compressed telephoto view of bathroom wall tiles, dense repeating elements across the frame, with alternating color accents, consistent spacing, no single dominant foreground subject.","collapsed repetition, warped grid, random missing units, mushy texture, moire artifacts, low detail",212090,main
main_repeated_pattern_091,repeated-pattern,window_grid,"corner-to-corner crop of bathroom wall tiles, dense repeating elements across the frame, with subtle shadows between units, consistent spacing, no single dominant foreground subject.","collapsed repetition, warped grid, random missing units, mushy texture, moire artifacts, low detail",212091,main
main_repeated_pattern_092,repeated-pattern,textile_repeat,"straight-on facade crop of stacked bento boxes, dense repeating elements across the frame, under even overcast light, consistent spacing, no single dominant foreground subject.","collapsed repetition, warped grid, random missing units, mushy texture, moire artifacts, low detail",212092,main
main_repeated_pattern_093,repeated-pattern,brick_repeat,"straight-on facade crop of stacked bento boxes, dense repeating elements across the frame, with glossy highlights on some repeats, consistent spacing, no single dominant foreground subject.","collapsed repetition, warped grid, random missing units, mushy texture, moire artifacts, low detail",212093,main
main_repeated_pattern_094,repeated-pattern,tile_array,"oblique rooftop view of stacked bento boxes, dense repeating elements across the frame, with mild perspective skew, consistent spacing, no single dominant foreground subject.","collapsed repetition, warped grid, random missing units, mushy texture, moire artifacts, low detail",212094,main
main_repeated_pattern_095,repeated-pattern,panel_grid,"oblique rooftop view of stacked bento boxes, dense repeating elements across the frame, with fine seams visible between elements, consistent spacing, no single dominant foreground subject.","collapsed repetition, warped grid, random missing units, mushy texture, moire artifacts, low detail",212095,main
main_repeated_pattern_096,repeated-pattern,shelf_rows,"tight material close-up of stacked bento boxes, dense repeating elements across the frame, with worn edges and slight variation, consistent spacing, no single dominant foreground subject.","collapsed repetition, warped grid, random missing units, mushy texture, moire artifacts, low detail",212096,main
main_repeated_pattern_097,repeated-pattern,window_grid,"eye-level aisle photograph of stacked bento boxes, dense repeating elements across the frame, with soft indoor daylight, consistent spacing, no single dominant foreground subject.","collapsed repetition, warped grid, random missing units, mushy texture, moire artifacts, low detail",212097,main
main_repeated_pattern_098,repeated-pattern,textile_repeat,"eye-level aisle photograph of stacked bento boxes, dense repeating elements across the frame, with alternating color accents, consistent spacing, no single dominant foreground subject.","collapsed repetition, warped grid, random missing units, mushy texture, moire artifacts, low detail",212098,main
main_repeated_pattern_099,repeated-pattern,brick_repeat,"overhead pattern study of stacked bento boxes, dense repeating elements across the frame, with subtle shadows between units, consistent spacing, no single dominant foreground subject.","collapsed repetition, warped grid, random missing units, mushy texture, moire artifacts, low detail",212099,main
main_repeated_pattern_100,repeated-pattern,tile_array,"wide documentary frame of stacked bento boxes, dense repeating elements across the frame, under even overcast light, consistent spacing, no single dominant foreground subject.","collapsed repetition, warped grid, random missing units, mushy texture, moire artifacts, low detail",212100,main
main_faces_001,faces,eyelashes,"portrait of an elderly fisherman in a knit cap, sunlit library aisle, with a serious relaxed expression, realistic skin texture, clear lip texture and cupid's bow, natural color, cinematic but true-to-life detail.","distorted anatomy, duplicate features, waxy skin, blurred eyes, smeared hair strands, extra teeth, low detail",213001,main
main_faces_002,faces,hairline,"portrait of an elderly fisherman in a knit cap, sunlit library aisle, glancing just off-camera, realistic skin texture, clear crow's feet and smile lines, natural color, cinematic but true-to-life detail.","distorted anatomy, duplicate features, waxy skin, blurred eyes, smeared hair strands, extra teeth, low detail",213002,main
main_faces_003,faces,pores,"portrait of an elderly fisherman in a knit cap, sunlit library aisle, after a long blink, realistic skin texture, clear beard stubble along the jaw, natural color, cinematic but true-to-life detail.","distorted anatomy, duplicate features, waxy skin, blurred eyes, smeared hair strands, extra teeth, low detail",213003,main
main_faces_004,faces,freckles,"portrait of an elderly fisherman in a knit cap, sunlit library aisle, with calm concentration, realistic skin texture, clear freckles and pores across the cheeks, natural color, cinematic but true-to-life detail.","distorted anatomy, duplicate features, waxy skin, blurred eyes, smeared hair strands, extra teeth, low detail",213004,main
main_faces_005,faces,teeth_detail,"portrait of an elderly fisherman in a knit cap, cool overcast outdoor light, looking directly into the camera, realistic skin texture, clear fine baby hairs along the hairline, natural color, cinematic but true-to-life detail.","distorted anatomy, duplicate features, waxy skin, blurred eyes, smeared hair strands, extra teeth, low detail",213005,main
main_faces_006,faces,stubble,"portrait of an elderly fisherman in a knit cap, cool overcast outdoor light, with a restrained smile, realistic skin texture, clear eyelashes and iris detail, natural color, cinematic but true-to-life detail.","distorted anatomy, duplicate features, waxy skin, blurred eyes, smeared hair strands, extra teeth, low detail",213006,main
main_faces_007,faces,wrinkle_lines,"portrait of an elderly fisherman in a knit cap, cool overcast outdoor light, with a restrained smile, realistic skin texture, clear soft makeup edges around the eyes, natural color, cinematic but true-to-life detail.","distorted anatomy, duplicate features, waxy skin, blurred eyes, smeared hair strands, extra teeth, low detail",213007,main
main_faces_008,faces,makeup_edge,"portrait of an elderly fisherman in a knit cap, cool overcast outdoor light, in half profile, realistic skin texture, clear strands escaping from a braid, natural color, cinematic but true-to-life detail.","distorted anatomy, duplicate features, waxy skin, blurred eyes, smeared hair strands, extra teeth, low detail",213008,main
main_faces_009,faces,eyelashes,"portrait of an elderly fisherman in a knit cap, cool overcast outdoor light, caught mid-laugh, realistic skin texture, clear eyebrow hairs and skin sheen, natural color, cinematic but true-to-life detail.","distorted anatomy, duplicate features, waxy skin, blurred eyes, smeared hair strands, extra teeth, low detail",213009,main
main_faces_010,faces,hairline,"portrait of an elderly fisherman in a knit cap, cool overcast outdoor light, with a serious relaxed expression, realistic skin texture, clear teeth edges in a natural smile, natural color, cinematic but true-to-life detail.","distorted anatomy, duplicate features, waxy skin, blurred eyes, smeared hair strands, extra teeth, low detail",213010,main
main_faces_011,faces,pores,"portrait of an elderly fisherman in a knit cap, cool overcast outdoor light, glancing just off-camera, realistic skin texture, clear lip texture and cupid's bow, natural color, cinematic but true-to-life detail.","distorted anatomy, duplicate features, waxy skin, blurred eyes, smeared hair strands, extra teeth, low detail",213011,main
main_faces_012,faces,freckles,"portrait of an elderly fisherman in a knit cap, cool overcast outdoor light, after a long blink, realistic skin texture, clear crow's feet and smile lines, natural color, cinematic but true-to-life detail.","distorted anatomy, duplicate features, waxy skin, blurred eyes, smeared hair strands, extra teeth, low detail",213012,main
main_faces_013,faces,teeth_detail,"portrait of an elderly fisherman in a knit cap, cool overcast outdoor light, with calm concentration, realistic skin texture, clear beard stubble along the jaw, natural color, cinematic but true-to-life detail.","distorted anatomy, duplicate features, waxy skin, blurred eyes, smeared hair strands, extra teeth, low detail",213013,main
main_faces_014,faces,stubble,"portrait of an elderly fisherman in a knit cap, warm tungsten backstage light, looking directly into the camera, realistic skin texture, clear freckles and pores across the cheeks, natural color, cinematic but true-to-life detail.","distorted anatomy, duplicate features, waxy skin, blurred eyes, smeared hair strands, extra teeth, low detail",213014,main
main_faces_015,faces,wrinkle_lines,"portrait of an elderly fisherman in a knit cap, warm tungsten backstage light, with a restrained smile, realistic skin texture, clear fine baby hairs along the hairline, natural color, cinematic but true-to-life detail.","distorted anatomy, duplicate features, waxy skin, blurred eyes, smeared hair strands, extra teeth, low detail",213015,main
main_faces_016,faces,makeup_edge,"portrait of an elderly fisherman in a knit cap, warm tungsten backstage light, in half profile, realistic skin texture, clear eyelashes and iris detail, natural color, cinematic but true-to-life detail.","distorted anatomy, duplicate features, waxy skin, blurred eyes, smeared hair strands, extra teeth, low detail",213016,main
main_faces_017,faces,eyelashes,"portrait of an elderly fisherman in a knit cap, warm tungsten backstage light, in half profile, realistic skin texture, clear soft makeup edges around the eyes, natural color, cinematic but true-to-life detail.","distorted anatomy, duplicate features, waxy skin, blurred eyes, smeared hair strands, extra teeth, low detail",213017,main
main_faces_018,faces,hairline,"portrait of an elderly fisherman in a knit cap, warm tungsten backstage light, caught mid-laugh, realistic skin texture, clear strands escaping from a braid, natural color, cinematic but true-to-life detail.","distorted anatomy, duplicate features, waxy skin, blurred eyes, smeared hair strands, extra teeth, low detail",213018,main
main_faces_019,faces,pores,"portrait of an elderly fisherman in a knit cap, warm tungsten backstage light, with a serious relaxed expression, realistic skin texture, clear eyebrow hairs and skin sheen, natural color, cinematic but true-to-life detail.","distorted anatomy, duplicate features, waxy skin, blurred eyes, smeared hair strands, extra teeth, low detail",213019,main
main_faces_020,faces,freckles,"portrait of an elderly fisherman in a knit cap, warm tungsten backstage light, glancing just off-camera, realistic skin texture, clear teeth edges in a natural smile, natural color, cinematic but true-to-life detail.","distorted anatomy, duplicate features, waxy skin, blurred eyes, smeared hair strands, extra teeth, low detail",213020,main
main_faces_021,faces,teeth_detail,"portrait of an elderly fisherman in a knit cap, warm tungsten backstage light, after a long blink, realistic skin texture, clear lip texture and cupid's bow, natural color, cinematic but true-to-life detail.","distorted anatomy, duplicate features, waxy skin, blurred eyes, smeared hair strands, extra teeth, low detail",213021,main
main_faces_022,faces,stubble,"portrait of an elderly fisherman in a knit cap, warm tungsten backstage light, with calm concentration, realistic skin texture, clear crow's feet and smile lines, natural color, cinematic but true-to-life detail.","distorted anatomy, duplicate features, waxy skin, blurred eyes, smeared hair strands, extra teeth, low detail",213022,main
main_faces_023,faces,wrinkle_lines,"portrait of a teenage debater in a navy blazer, window-lit studio backdrop, looking directly into the camera, realistic skin texture, clear beard stubble along the jaw, natural color, cinematic but true-to-life detail.","distorted anatomy, duplicate features, waxy skin, blurred eyes, smeared hair strands, extra teeth, low detail",213023,main
main_faces_024,faces,makeup_edge,"portrait of a teenage debater in a navy blazer, window-lit studio backdrop, with a restrained smile, realistic skin texture, clear freckles and pores across the cheeks, natural color, cinematic but true-to-life detail.","distorted anatomy, duplicate features, waxy skin, blurred eyes, smeared hair strands, extra teeth, low detail",213024,main
main_faces_025,faces,eyelashes,"portrait of a teenage debater in a navy blazer, window-lit studio backdrop, in half profile, realistic skin texture, clear fine baby hairs along the hairline, natural color, cinematic but true-to-life detail.","distorted anatomy, duplicate features, waxy skin, blurred eyes, smeared hair strands, extra teeth, low detail",213025,main
main_faces_026,faces,hairline,"portrait of a teenage debater in a navy blazer, window-lit studio backdrop, caught mid-laugh, realistic skin texture, clear eyelashes and iris detail, natural color, cinematic but true-to-life detail.","distorted anatomy, duplicate features, waxy skin, blurred eyes, smeared hair strands, extra teeth, low detail",213026,main
main_faces_027,faces,pores,"portrait of a teenage debater in a navy blazer, window-lit studio backdrop, caught mid-laugh, realistic skin texture, clear soft makeup edges around the eyes, natural color, cinematic but true-to-life detail.","distorted anatomy, duplicate features, waxy skin, blurred eyes, smeared hair strands, extra teeth, low detail",213027,main
main_faces_028,faces,freckles,"portrait of a teenage debater in a navy blazer, window-lit studio backdrop, with a serious relaxed expression, realistic skin texture, clear strands escaping from a braid, natural color, cinematic but true-to-life detail.","distorted anatomy, duplicate features, waxy skin, blurred eyes, smeared hair strands, extra teeth, low detail",213028,main
main_faces_029,faces,teeth_detail,"portrait of a teenage debater in a navy blazer, window-lit studio backdrop, glancing just off-camera, realistic skin texture, clear eyebrow hairs and skin sheen, natural color, cinematic but true-to-life detail.","distorted anatomy, duplicate features, waxy skin, blurred eyes, smeared hair strands, extra teeth, low detail",213029,main
main_faces_030,faces,stubble,"portrait of a teenage debater in a navy blazer, window-lit studio backdrop, after a long blink, realistic skin texture, clear teeth edges in a natural smile, natural color, cinematic but true-to-life detail.","distorted anatomy, duplicate features, waxy skin, blurred eyes, smeared hair strands, extra teeth, low detail",213030,main
main_faces_031,faces,wrinkle_lines,"portrait of a teenage debater in a navy blazer, window-lit studio backdrop, with calm concentration, realistic skin texture, clear lip texture and cupid's bow, natural color, cinematic but true-to-life detail.","distorted anatomy, duplicate features, waxy skin, blurred eyes, smeared hair strands, extra teeth, low detail",213031,main
main_faces_032,faces,makeup_edge,"portrait of a teenage debater in a navy blazer, rainy neon street at dusk, looking directly into the camera, realistic skin texture, clear crow's feet and smile lines, natural color, cinematic but true-to-life detail.","distorted anatomy, duplicate features, waxy skin, blurred eyes, smeared hair strands, extra teeth, low detail",213032,main
main_faces_033,faces,eyelashes,"portrait of a teenage debater in a navy blazer, rainy neon street at dusk, with a restrained smile, realistic skin texture, clear beard stubble along the jaw, natural color, cinematic but true-to-life detail.","distorted anatomy, duplicate features, waxy skin, blurred eyes, smeared hair strands, extra teeth, low detail",213033,main
main_faces_034,faces,hairline,"portrait of a teenage debater in a navy blazer, rainy neon street at dusk, in half profile, realistic skin texture, clear freckles and pores across the cheeks, natural color, cinematic but true-to-life detail.","distorted anatomy, duplicate features, waxy skin, blurred eyes, smeared hair strands, extra teeth, low detail",213034,main
main_faces_035,faces,pores,"portrait of a teenage debater in a navy blazer, rainy neon street at dusk, caught mid-laugh, realistic skin texture, clear fine baby hairs along the hairline, natural color, cinematic but true-to-life detail.","distorted anatomy, duplicate features, waxy skin, blurred eyes, smeared hair strands, extra teeth, low detail",213035,main
main_faces_036,faces,freckles,"portrait of a teenage debater in a navy blazer, rainy neon street at dusk, with a serious relaxed expression, realistic skin texture, clear eyelashes and iris detail, natural color, cinematic but true-to-life detail.","distorted anatomy, duplicate features, waxy skin, blurred eyes, smeared hair strands, extra teeth, low detail",213036,main
main_faces_037,faces,teeth_detail,"portrait of a teenage debater in a navy blazer, rainy neon street at dusk, with a serious relaxed expression, realistic skin texture, clear soft makeup edges around the eyes, natural color, cinematic but true-to-life detail.","distorted anatomy, duplicate features, waxy skin, blurred eyes, smeared hair strands, extra teeth, low detail",213037,main
main_faces_038,faces,stubble,"portrait of a teenage debater in a navy blazer, rainy neon street at dusk, glancing just off-camera, realistic skin texture, clear strands escaping from a braid, natural color, cinematic but true-to-life detail.","distorted anatomy, duplicate features, waxy skin, blurred eyes, smeared hair strands, extra teeth, low detail",213038,main
main_faces_039,faces,wrinkle_lines,"portrait of a teenage debater in a navy blazer, rainy neon street at dusk, after a long blink, realistic skin texture, clear eyebrow hairs and skin sheen, natural color, cinematic but true-to-life detail.","distorted anatomy, duplicate features, waxy skin, blurred eyes, smeared hair strands, extra teeth, low detail",213039,main
main_faces_040,faces,makeup_edge,"portrait of a teenage debater in a navy blazer, rainy neon street at dusk, with calm concentration, realistic skin texture, clear teeth edges in a natural smile, natural color, cinematic but true-to-life detail.","distorted anatomy, duplicate features, waxy skin, blurred eyes, smeared hair strands, extra teeth, low detail",213040,main
main_faces_041,faces,eyelashes,"portrait of a teenage debater in a navy blazer, greenhouse shade, looking directly into the camera, realistic skin texture, clear lip texture and cupid's bow, natural color, cinematic but true-to-life detail.","distorted anatomy, duplicate features, waxy skin, blurred eyes, smeared hair strands, extra teeth, low detail",213041,main
main_faces_042,faces,hairline,"portrait of a teenage debater in a navy blazer, greenhouse shade, with a restrained smile, realistic skin texture, clear crow's feet and smile lines, natural color, cinematic but true-to-life detail.","distorted anatomy, duplicate features, waxy skin, blurred eyes, smeared hair strands, extra teeth, low detail",213042,main
main_faces_043,faces,pores,"portrait of a teenage debater in a navy blazer, greenhouse shade, in half profile, realistic skin texture, clear beard stubble along the jaw, natural color, cinematic but true-to-life detail.","distorted anatomy, duplicate features, waxy skin, blurred eyes, smeared hair strands, extra teeth, low detail",213043,main
main_faces_044,faces,freckles,"portrait of a teenage debater in a navy blazer, greenhouse shade, caught mid-laugh, realistic skin texture, clear freckles and pores across the cheeks, natural color, cinematic but true-to-life detail.","distorted anatomy, duplicate features, waxy skin, blurred eyes, smeared hair strands, extra teeth, low detail",213044,main
main_faces_045,faces,teeth_detail,"portrait of a teenage debater in a navy blazer, greenhouse shade, with a serious relaxed expression, realistic skin texture, clear fine baby hairs along the hairline, natural color, cinematic but true-to-life detail.","distorted anatomy, duplicate features, waxy skin, blurred eyes, smeared hair strands, extra teeth, low detail",213045,main
main_faces_046,faces,stubble,"portrait of a teenage debater in a navy blazer, greenhouse shade, glancing just off-camera, realistic skin texture, clear eyelashes and iris detail, natural color, cinematic but true-to-life detail.","distorted anatomy, duplicate features, waxy skin, blurred eyes, smeared hair strands, extra teeth, low detail",213046,main
main_faces_047,faces,wrinkle_lines,"portrait of a teenage debater in a navy blazer, greenhouse shade, glancing just off-camera, realistic skin texture, clear soft makeup edges around the eyes, natural color, cinematic but true-to-life detail.","distorted anatomy, duplicate features, waxy skin, blurred eyes, smeared hair strands, extra teeth, low detail",213047,main
main_faces_048,faces,makeup_edge,"portrait of a teenage debater in a navy blazer, greenhouse shade, after a long blink, realistic skin texture, clear strands escaping from a braid, natural color, cinematic but true-to-life detail.","distorted anatomy, duplicate features, waxy skin, blurred eyes, smeared hair strands, extra teeth, low detail",213048,main
main_faces_049,faces,eyelashes,"portrait of a teenage debater in a navy blazer, greenhouse shade, with calm concentration, realistic skin texture, clear eyebrow hairs and skin sheen, natural color, cinematic but true-to-life detail.","distorted anatomy, duplicate features, waxy skin, blurred eyes, smeared hair strands, extra teeth, low detail",213049,main
main_faces_050,faces,hairline,"portrait of a teenage debater in a navy blazer, morning kitchen light, looking directly into the camera, realistic skin texture, clear teeth edges in a natural smile, natural color, cinematic but true-to-life detail.","distorted anatomy, duplicate features, waxy skin, blurred eyes, smeared hair strands, extra teeth, low detail",213050,main
main_faces_051,faces,pores,"portrait of a teenage debater in a navy blazer, morning kitchen light, with a restrained smile, realistic skin texture, clear lip texture and cupid's bow, natural color, cinematic but true-to-life detail.","distorted anatomy, duplicate features, waxy skin, blurred eyes, smeared hair strands, extra teeth, low detail",213051,main
main_faces_052,faces,freckles,"portrait of a teenage debater in a navy blazer, morning kitchen light, in half profile, realistic skin texture, clear crow's feet and smile lines, natural color, cinematic but true-to-life detail.","distorted anatomy, duplicate features, waxy skin, blurred eyes, smeared hair strands, extra teeth, low detail",213052,main
main_faces_053,faces,teeth_detail,"portrait of a teenage debater in a navy blazer, morning kitchen light, caught mid-laugh, realistic skin texture, clear beard stubble along the jaw, natural color, cinematic but true-to-life detail.","distorted anatomy, duplicate features, waxy skin, blurred eyes, smeared hair strands, extra teeth, low detail",213053,main
main_faces_054,faces,stubble,"portrait of a teenage debater in a navy blazer, morning kitchen light, with a serious relaxed expression, realistic skin texture, clear freckles and pores across the cheeks, natural color, cinematic but true-to-life detail.","distorted anatomy, duplicate features, waxy skin, blurred eyes, smeared hair strands, extra teeth, low detail",213054,main
main_faces_055,faces,wrinkle_lines,"portrait of a teenage debater in a navy blazer, morning kitchen light, glancing just off-camera, realistic skin texture, clear fine baby hairs along the hairline, natural color, cinematic but true-to-life detail.","distorted anatomy, duplicate features, waxy skin, blurred eyes, smeared hair strands, extra teeth, low detail",213055,main
main_faces_056,faces,makeup_edge,"portrait of a teenage debater in a navy blazer, morning kitchen light, after a long blink, realistic skin texture, clear eyelashes and iris detail, natural color, cinematic but true-to-life detail.","distorted anatomy, duplicate features, waxy skin, blurred eyes, smeared hair strands, extra teeth, low detail",213056,main
main_faces_057,faces,eyelashes,"portrait of a teenage debater in a navy blazer, morning kitchen light, after a long blink, realistic skin texture, clear soft makeup edges around the eyes, natural color, cinematic but true-to-life detail.","distorted anatomy, duplicate features, waxy skin, blurred eyes, smeared hair strands, extra teeth, low detail",213057,main
main_faces_058,faces,hairline,"portrait of a teenage debater in a navy blazer, morning kitchen light, with calm concentration, realistic skin texture, clear strands escaping from a braid, natural color, cinematic but true-to-life detail.","distorted anatomy, duplicate features, waxy skin, blurred eyes, smeared hair strands, extra teeth, low detail",213058,main
main_faces_059,faces,pores,"portrait of a teenage debater in a navy blazer, soft gray seamless paper, looking directly into the camera, realistic skin texture, clear eyebrow hairs and skin sheen, natural color, cinematic but true-to-life detail.","distorted anatomy, duplicate features, waxy skin, blurred eyes, smeared hair strands, extra teeth, low detail",213059,main
main_faces_060,faces,freckles,"portrait of a teenage debater in a navy blazer, soft gray seamless paper, with a restrained smile, realistic skin texture, clear teeth edges in a natural smile, natural color, cinematic but true-to-life detail.","distorted anatomy, duplicate features, waxy skin, blurred eyes, smeared hair strands, extra teeth, low detail",213060,main
main_faces_061,faces,teeth_detail,"portrait of a teenage debater in a navy blazer, soft gray seamless paper, in half profile, realistic skin texture, clear lip texture and cupid's bow, natural color, cinematic but true-to-life detail.","distorted anatomy, duplicate features, waxy skin, blurred eyes, smeared hair strands, extra teeth, low detail",213061,main
main_faces_062,faces,stubble,"portrait of a teenage debater in a navy blazer, soft gray seamless paper, caught mid-laugh, realistic skin texture, clear crow's feet and smile lines, natural color, cinematic but true-to-life detail.","distorted anatomy, duplicate features, waxy skin, blurred eyes, smeared hair strands, extra teeth, low detail",213062,main
main_faces_063,faces,wrinkle_lines,"portrait of a teenage debater in a navy blazer, soft gray seamless paper, with a serious relaxed expression, realistic skin texture, clear beard stubble along the jaw, natural color, cinematic but true-to-life detail.","distorted anatomy, duplicate features, waxy skin, blurred eyes, smeared hair strands, extra teeth, low detail",213063,main
main_faces_064,faces,makeup_edge,"portrait of a teenage debater in a navy blazer, soft gray seamless paper, glancing just off-camera, realistic skin texture, clear freckles and pores across the cheeks, natural color, cinematic but true-to-life detail.","distorted anatomy, duplicate features, waxy skin, blurred eyes, smeared hair strands, extra teeth, low detail",213064,main
main_faces_065,faces,eyelashes,"portrait of a teenage debater in a navy blazer, soft gray seamless paper, after a long blink, realistic skin texture, clear fine baby hairs along the hairline, natural color, cinematic but true-to-life detail.","distorted anatomy, duplicate features, waxy skin, blurred eyes, smeared hair strands, extra teeth, low detail",213065,main
main_faces_066,faces,hairline,"portrait of a teenage debater in a navy blazer, soft gray seamless paper, with calm concentration, realistic skin texture, clear eyelashes and iris detail, natural color, cinematic but true-to-life detail.","distorted anatomy, duplicate features, waxy skin, blurred eyes, smeared hair strands, extra teeth, low detail",213066,main
main_faces_067,faces,pores,"portrait of a teenage debater in a navy blazer, soft gray seamless paper, with calm concentration, realistic skin texture, clear soft makeup edges around the eyes, natural color, cinematic but true-to-life detail.","distorted anatomy, duplicate features, waxy skin, blurred eyes, smeared hair strands, extra teeth, low detail",213067,main
main_faces_068,faces,freckles,"portrait of a teenage debater in a navy blazer, sunlit library aisle, looking directly into the camera, realistic skin texture, clear strands escaping from a braid, natural color, cinematic but true-to-life detail.","distorted anatomy, duplicate features, waxy skin, blurred eyes, smeared hair strands, extra teeth, low detail",213068,main
main_faces_069,faces,teeth_detail,"portrait of a teenage debater in a navy blazer, sunlit library aisle, with a restrained smile, realistic skin texture, clear eyebrow hairs and skin sheen, natural color, cinematic but true-to-life detail.","distorted anatomy, duplicate features, waxy skin, blurred eyes, smeared hair strands, extra teeth, low detail",213069,main
main_faces_070,faces,stubble,"portrait of a teenage debater in a navy blazer, sunlit library aisle, in half profile, realistic skin texture, clear teeth edges in a natural smile, natural color, cinematic but true-to-life detail.","distorted anatomy, duplicate features, waxy skin, blurred eyes, smeared hair strands, extra teeth, low detail",213070,main
main_faces_071,faces,wrinkle_lines,"portrait of a teenage debater in a navy blazer, sunlit library aisle, caught mid-laugh, realistic skin texture, clear lip texture and cupid's bow, natural color, cinematic but true-to-life detail.","distorted anatomy, duplicate features, waxy skin, blurred eyes, smeared hair strands, extra teeth, low detail",213071,main
main_faces_072,faces,makeup_edge,"portrait of a teenage debater in a navy blazer, sunlit library aisle, with a serious relaxed expression, realistic skin texture, clear crow's feet and smile lines, natural color, cinematic but true-to-life detail.","distorted anatomy, duplicate features, waxy skin, blurred eyes, smeared hair strands, extra teeth, low detail",213072,main
main_faces_073,faces,eyelashes,"portrait of a teenage debater in a navy blazer, sunlit library aisle, glancing just off-camera, realistic skin texture, clear beard stubble along the jaw, natural color, cinematic but true-to-life detail.","distorted anatomy, duplicate features, waxy skin, blurred eyes, smeared hair strands, extra teeth, low detail",213073,main
main_faces_074,faces,hairline,"portrait of a teenage debater in a navy blazer, sunlit library aisle, after a long blink, realistic skin texture, clear freckles and pores across the cheeks, natural color, cinematic but true-to-life detail.","distorted anatomy, duplicate features, waxy skin, blurred eyes, smeared hair strands, extra teeth, low detail",213074,main
main_faces_075,faces,pores,"portrait of a teenage debater in a navy blazer, sunlit library aisle, with calm concentration, realistic skin texture, clear fine baby hairs along the hairline, natural color, cinematic but true-to-life detail.","distorted anatomy, duplicate features, waxy skin, blurred eyes, smeared hair strands, extra teeth, low detail",213075,main
main_faces_076,faces,freckles,"portrait of a teenage debater in a navy blazer, cool overcast outdoor light, looking directly into the camera, realistic skin texture, clear eyelashes and iris detail, natural color, cinematic but true-to-life detail.","distorted anatomy, duplicate features, waxy skin, blurred eyes, smeared hair strands, extra teeth, low detail",213076,main
main_faces_077,faces,teeth_detail,"portrait of a teenage debater in a navy blazer, cool overcast outdoor light, looking directly into the camera, realistic skin texture, clear soft makeup edges around the eyes, natural color, cinematic but true-to-life detail.","distorted anatomy, duplicate features, waxy skin, blurred eyes, smeared hair strands, extra teeth, low detail",213077,main
main_faces_078,faces,stubble,"portrait of a teenage debater in a navy blazer, cool overcast outdoor light, with a restrained smile, realistic skin texture, clear strands escaping from a braid, natural color, cinematic but true-to-life detail.","distorted anatomy, duplicate features, waxy skin, blurred eyes, smeared hair strands, extra teeth, low detail",213078,main
main_faces_079,faces,wrinkle_lines,"portrait of a teenage debater in a navy blazer, cool overcast outdoor light, in half profile, realistic skin texture, clear eyebrow hairs and skin sheen, natural color, cinematic but true-to-life detail.","distorted anatomy, duplicate features, waxy skin, blurred eyes, smeared hair strands, extra teeth, low detail",213079,main
main_faces_080,faces,makeup_edge,"portrait of a teenage debater in a navy blazer, cool overcast outdoor light, caught mid-laugh, realistic skin texture, clear teeth edges in a natural smile, natural color, cinematic but true-to-life detail.","distorted anatomy, duplicate features, waxy skin, blurred eyes, smeared hair strands, extra teeth, low detail",213080,main
main_faces_081,faces,eyelashes,"portrait of a teenage debater in a navy blazer, cool overcast outdoor light, with a serious relaxed expression, realistic skin texture, clear lip texture and cupid's bow, natural color, cinematic but true-to-life detail.","distorted anatomy, duplicate features, waxy skin, blurred eyes, smeared hair strands, extra teeth, low detail",213081,main
main_faces_082,faces,hairline,"portrait of a teenage debater in a navy blazer, cool overcast outdoor light, glancing just off-camera, realistic skin texture, clear crow's feet and smile lines, natural color, cinematic but true-to-life detail.","distorted anatomy, duplicate features, waxy skin, blurred eyes, smeared hair strands, extra teeth, low detail",213082,main
main_faces_083,faces,pores,"portrait of a teenage debater in a navy blazer, cool overcast outdoor light, after a long blink, realistic skin texture, clear beard stubble along the jaw, natural color, cinematic but true-to-life detail.","distorted anatomy, duplicate features, waxy skin, blurred eyes, smeared hair strands, extra teeth, low detail",213083,main
main_faces_084,faces,freckles,"portrait of a teenage debater in a navy blazer, cool overcast outdoor light, with calm concentration, realistic skin texture, clear freckles and pores across the cheeks, natural color, cinematic but true-to-life detail.","distorted anatomy, duplicate features, waxy skin, blurred eyes, smeared hair strands, extra teeth, low detail",213084,main
main_faces_085,faces,teeth_detail,"portrait of a teenage debater in a navy blazer, warm tungsten backstage light, looking directly into the camera, realistic skin texture, clear fine baby hairs along the hairline, natural color, cinematic but true-to-life detail.","distorted anatomy, duplicate features, waxy skin, blurred eyes, smeared hair strands, extra teeth, low detail",213085,main
main_faces_086,faces,stubble,"portrait of a teenage debater in a navy blazer, warm tungsten backstage light, with a restrained smile, realistic skin texture, clear eyelashes and iris detail, natural color, cinematic but true-to-life detail.","distorted anatomy, duplicate features, waxy skin, blurred eyes, smeared hair strands, extra teeth, low detail",213086,main
main_faces_087,faces,wrinkle_lines,"portrait of a teenage debater in a navy blazer, warm tungsten backstage light, with a restrained smile, realistic skin texture, clear soft makeup edges around the eyes, natural color, cinematic but true-to-life detail.","distorted anatomy, duplicate features, waxy skin, blurred eyes, smeared hair strands, extra teeth, low detail",213087,main
main_faces_088,faces,makeup_edge,"portrait of a teenage debater in a navy blazer, warm tungsten backstage light, in half profile, realistic skin texture, clear strands escaping from a braid, natural color, cinematic but true-to-life detail.","distorted anatomy, duplicate features, waxy skin, blurred eyes, smeared hair strands, extra teeth, low detail",213088,main
main_faces_089,faces,eyelashes,"portrait of a teenage debater in a navy blazer, warm tungsten backstage light, caught mid-laugh, realistic skin texture, clear eyebrow hairs and skin sheen, natural color, cinematic but true-to-life detail.","distorted anatomy, duplicate features, waxy skin, blurred eyes, smeared hair strands, extra teeth, low detail",213089,main
main_faces_090,faces,hairline,"portrait of a teenage debater in a navy blazer, warm tungsten backstage light, with a serious relaxed expression, realistic skin texture, clear teeth edges in a natural smile, natural color, cinematic but true-to-life detail.","distorted anatomy, duplicate features, waxy skin, blurred eyes, smeared hair strands, extra teeth, low detail",213090,main
main_faces_091,faces,pores,"portrait of a teenage debater in a navy blazer, warm tungsten backstage light, glancing just off-camera, realistic skin texture, clear lip texture and cupid's bow, natural color, cinematic but true-to-life detail.","distorted anatomy, duplicate features, waxy skin, blurred eyes, smeared hair strands, extra teeth, low detail",213091,main
main_faces_092,faces,freckles,"portrait of a teenage debater in a navy blazer, warm tungsten backstage light, after a long blink, realistic skin texture, clear crow's feet and smile lines, natural color, cinematic but true-to-life detail.","distorted anatomy, duplicate features, waxy skin, blurred eyes, smeared hair strands, extra teeth, low detail",213092,main
main_faces_093,faces,teeth_detail,"portrait of a teenage debater in a navy blazer, warm tungsten backstage light, with calm concentration, realistic skin texture, clear beard stubble along the jaw, natural color, cinematic but true-to-life detail.","distorted anatomy, duplicate features, waxy skin, blurred eyes, smeared hair strands, extra teeth, low detail",213093,main
main_faces_094,faces,stubble,"portrait of a middle-aged pastry chef in a white coat, window-lit studio backdrop, looking directly into the camera, realistic skin texture, clear freckles and pores across the cheeks, natural color, cinematic but true-to-life detail.","distorted anatomy, duplicate features, waxy skin, blurred eyes, smeared hair strands, extra teeth, low detail",213094,main
main_faces_095,faces,wrinkle_lines,"portrait of a middle-aged pastry chef in a white coat, window-lit studio backdrop, with a restrained smile, realistic skin texture, clear fine baby hairs along the hairline, natural color, cinematic but true-to-life detail.","distorted anatomy, duplicate features, waxy skin, blurred eyes, smeared hair strands, extra teeth, low detail",213095,main
main_faces_096,faces,makeup_edge,"portrait of a middle-aged pastry chef in a white coat, window-lit studio backdrop, in half profile, realistic skin texture, clear eyelashes and iris detail, natural color, cinematic but true-to-life detail.","distorted anatomy, duplicate features, waxy skin, blurred eyes, smeared hair strands, extra teeth, low detail",213096,main
main_faces_097,faces,eyelashes,"portrait of a middle-aged pastry chef in a white coat, window-lit studio backdrop, in half profile, realistic skin texture, clear soft makeup edges around the eyes, natural color, cinematic but true-to-life detail.","distorted anatomy, duplicate features, waxy skin, blurred eyes, smeared hair strands, extra teeth, low detail",213097,main
main_faces_098,faces,hairline,"portrait of a middle-aged pastry chef in a white coat, window-lit studio backdrop, caught mid-laugh, realistic skin texture, clear strands escaping from a braid, natural color, cinematic but true-to-life detail.","distorted anatomy, duplicate features, waxy skin, blurred eyes, smeared hair strands, extra teeth, low detail",213098,main
main_faces_099,faces,pores,"portrait of a middle-aged pastry chef in a white coat, window-lit studio backdrop, with a serious relaxed expression, realistic skin texture, clear eyebrow hairs and skin sheen, natural color, cinematic but true-to-life detail.","distorted anatomy, duplicate features, waxy skin, blurred eyes, smeared hair strands, extra teeth, low detail",213099,main
main_faces_100,faces,freckles,"portrait of a middle-aged pastry chef in a white coat, window-lit studio backdrop, glancing just off-camera, realistic skin texture, clear teeth edges in a natural smile, natural color, cinematic but true-to-life detail.","distorted anatomy, duplicate features, waxy skin, blurred eyes, smeared hair strands, extra teeth, low detail",213100,main
main_mixed_scenes_001,mixed scenes,multi_object_clutter,"slightly elevated aisle view of an open-air fish market stall with hanging price tags, stacked crates, and measuring tools, with warm late-afternoon sun, many small objects, layered depth, realistic textures throughout.","missing small objects, oversmoothed textures, warped geometry, duplicated items, muddy reflections, low detail",214001,main
main_mixed_scenes_002,mixed scenes,occlusion_overlap,"tight room corner crop of an open-air fish market stall with hanging price tags, stacked crates, and measuring tools, under mixed daylight and fluorescent light, many small objects, layered depth, realistic textures throughout.","missing small objects, oversmoothed textures, warped geometry, duplicated items, muddy reflections, low detail",214002,main
main_mixed_scenes_003,mixed scenes,reflection_mix,"tight room corner crop of an open-air fish market stall with hanging price tags, stacked crates, and measuring tools, with practical task lighting, many small objects, layered depth, realistic textures throughout.","missing small objects, oversmoothed textures, warped geometry, duplicated items, muddy reflections, low detail",214003,main
main_mixed_scenes_004,mixed scenes,layered_depth,"eye-level workstation shot of an open-air fish market stall with hanging price tags, stacked crates, and measuring tools, with night neon spill from outside, many small objects, layered depth, realistic textures throughout.","missing small objects, oversmoothed textures, warped geometry, duplicated items, muddy reflections, low detail",214004,main
main_mixed_scenes_005,mixed scenes,small_text_plus_geometry,"overhead bench photo of an open-air fish market stall with hanging price tags, stacked crates, and measuring tools, with soft diffused window light, many small objects, layered depth, realistic textures throughout.","missing small objects, oversmoothed textures, warped geometry, duplicated items, muddy reflections, low detail",214005,main
main_mixed_scenes_006,mixed scenes,foliage_plus_tools,"wide documentary frame of an open-air fish market stall with hanging price tags, stacked crates, and patterned fabrics, with layered depth from foreground to background, many small objects, layered depth, realistic textures throughout.","missing small objects, oversmoothed textures, warped geometry, duplicated items, muddy reflections, low detail",214006,main
main_mixed_scenes_007,mixed scenes,crowdless_dense_scene,"waist-level interior shot of an open-air fish market stall with hanging price tags, stacked crates, and patterned fabrics, with reflective highlights on metal surfaces, many small objects, layered depth, realistic textures throughout.","missing small objects, oversmoothed textures, warped geometry, duplicated items, muddy reflections, low detail",214007,main
main_mixed_scenes_008,mixed scenes,specular_and_matte_mix,"angled tabletop overview of an open-air fish market stall with hanging price tags, stacked crates, and patterned fabrics, with cool shadow pockets, many small objects, layered depth, realistic textures throughout.","missing small objects, oversmoothed textures, warped geometry, duplicated items, muddy reflections, low detail",214008,main
main_mixed_scenes_009,mixed scenes,multi_object_clutter,"front corner view of an open-air fish market stall with hanging price tags, stacked crates, and patterned fabrics, with warm late-afternoon sun, many small objects, layered depth, realistic textures throughout.","missing small objects, oversmoothed textures, warped geometry, duplicated items, muddy reflections, low detail",214009,main
main_mixed_scenes_010,mixed scenes,occlusion_overlap,"slightly elevated aisle view of an open-air fish market stall with hanging price tags, stacked crates, and patterned fabrics, under mixed daylight and fluorescent light, many small objects, layered depth, realistic textures throughout.","missing small objects, oversmoothed textures, warped geometry, duplicated items, muddy reflections, low detail",214010,main
main_mixed_scenes_011,mixed scenes,reflection_mix,"slightly elevated aisle view of an open-air fish market stall with hanging price tags, stacked crates, and patterned fabrics, with practical task lighting, many small objects, layered depth, realistic textures throughout.","missing small objects, oversmoothed textures, warped geometry, duplicated items, muddy reflections, low detail",214011,main
main_mixed_scenes_012,mixed scenes,layered_depth,"tight room corner crop of an open-air fish market stall with hanging price tags, stacked crates, and patterned fabrics, with night neon spill from outside, many small objects, layered depth, realistic textures throughout.","missing small objects, oversmoothed textures, warped geometry, duplicated items, muddy reflections, low detail",214012,main
main_mixed_scenes_013,mixed scenes,small_text_plus_geometry,"eye-level workstation shot of an open-air fish market stall with hanging price tags, stacked crates, and patterned fabrics, with soft diffused window light, many small objects, layered depth, realistic textures throughout.","missing small objects, oversmoothed textures, warped geometry, duplicated items, muddy reflections, low detail",214013,main
main_mixed_scenes_014,mixed scenes,foliage_plus_tools,"overhead bench photo of an open-air fish market stall with hanging price tags, stacked crates, and patterned fabrics, with layered depth from foreground to background, many small objects, layered depth, realistic textures throughout.","missing small objects, oversmoothed textures, warped geometry, duplicated items, muddy reflections, low detail",214014,main
main_mixed_scenes_015,mixed scenes,crowdless_dense_scene,"wide documentary frame of an open-air fish market stall with hanging price tags, stacked crates, and potted herbs, with reflective highlights on metal surfaces, many small objects, layered depth, realistic textures throughout.","missing small objects, oversmoothed textures, warped geometry, duplicated items, muddy reflections, low detail",214015,main
main_mixed_scenes_016,mixed scenes,specular_and_matte_mix,"waist-level interior shot of an open-air fish market stall with hanging price tags, stacked crates, and potted herbs, with cool shadow pockets, many small objects, layered depth, realistic textures throughout.","missing small objects, oversmoothed textures, warped geometry, duplicated items, muddy reflections, low detail",214016,main
main_mixed_scenes_017,mixed scenes,multi_object_clutter,"angled tabletop overview of an open-air fish market stall with hanging price tags, stacked crates, and potted herbs, with warm late-afternoon sun, many small objects, layered depth, realistic textures throughout.","missing small objects, oversmoothed textures, warped geometry, duplicated items, muddy reflections, low detail",214017,main
main_mixed_scenes_018,mixed scenes,occlusion_overlap,"front corner view of an open-air fish market stall with hanging price tags, stacked crates, and potted herbs, under mixed daylight and fluorescent light, many small objects, layered depth, realistic textures throughout.","missing small objects, oversmoothed textures, warped geometry, duplicated items, muddy reflections, low detail",214018,main
main_mixed_scenes_019,mixed scenes,reflection_mix,"front corner view of an open-air fish market stall with hanging price tags, stacked crates, and potted herbs, with practical task lighting, many small objects, layered depth, realistic textures throughout.","missing small objects, oversmoothed textures, warped geometry, duplicated items, muddy reflections, low detail",214019,main
main_mixed_scenes_020,mixed scenes,layered_depth,"slightly elevated aisle view of an open-air fish market stall with hanging price tags, stacked crates, and potted herbs, with night neon spill from outside, many small objects, layered depth, realistic textures throughout.","missing small objects, oversmoothed textures, warped geometry, duplicated items, muddy reflections, low detail",214020,main
main_mixed_scenes_021,mixed scenes,small_text_plus_geometry,"tight room corner crop of an open-air fish market stall with hanging price tags, stacked crates, and potted herbs, with soft diffused window light, many small objects, layered depth, realistic textures throughout.","missing small objects, oversmoothed textures, warped geometry, duplicated items, muddy reflections, low detail",214021,main
main_mixed_scenes_022,mixed scenes,foliage_plus_tools,"eye-level workstation shot of an open-air fish market stall with hanging price tags, stacked crates, and potted herbs, with layered depth from foreground to background, many small objects, layered depth, realistic textures throughout.","missing small objects, oversmoothed textures, warped geometry, duplicated items, muddy reflections, low detail",214022,main
main_mixed_scenes_023,mixed scenes,crowdless_dense_scene,"overhead bench photo of an open-air fish market stall with hanging price tags, stacked crates, and potted herbs, with reflective highlights on metal surfaces, many small objects, layered depth, realistic textures throughout.","missing small objects, oversmoothed textures, warped geometry, duplicated items, muddy reflections, low detail",214023,main
main_mixed_scenes_024,mixed scenes,specular_and_matte_mix,"wide documentary frame of an open-air fish market stall with hanging price tags, stacked crates, and ticket stubs, with cool shadow pockets, many small objects, layered depth, realistic textures throughout.","missing small objects, oversmoothed textures, warped geometry, duplicated items, muddy reflections, low detail",214024,main
main_mixed_scenes_025,mixed scenes,multi_object_clutter,"waist-level interior shot of an open-air fish market stall with hanging price tags, stacked crates, and ticket stubs, with warm late-afternoon sun, many small objects, layered depth, realistic textures throughout.","missing small objects, oversmoothed textures, warped geometry, duplicated items, muddy reflections, low detail",214025,main
main_mixed_scenes_026,mixed scenes,occlusion_overlap,"angled tabletop overview of an open-air fish market stall with hanging price tags, stacked crates, and ticket stubs, under mixed daylight and fluorescent light, many small objects, layered depth, realistic textures throughout.","missing small objects, oversmoothed textures, warped geometry, duplicated items, muddy reflections, low detail",214026,main
main_mixed_scenes_027,mixed scenes,reflection_mix,"angled tabletop overview of an open-air fish market stall with hanging price tags, stacked crates, and ticket stubs, with practical task lighting, many small objects, layered depth, realistic textures throughout.","missing small objects, oversmoothed textures, warped geometry, duplicated items, muddy reflections, low detail",214027,main
main_mixed_scenes_028,mixed scenes,layered_depth,"front corner view of an open-air fish market stall with hanging price tags, stacked crates, and ticket stubs, with night neon spill from outside, many small objects, layered depth, realistic textures throughout.","missing small objects, oversmoothed textures, warped geometry, duplicated items, muddy reflections, low detail",214028,main
main_mixed_scenes_029,mixed scenes,small_text_plus_geometry,"slightly elevated aisle view of an open-air fish market stall with hanging price tags, stacked crates, and ticket stubs, with soft diffused window light, many small objects, layered depth, realistic textures throughout.","missing small objects, oversmoothed textures, warped geometry, duplicated items, muddy reflections, low detail",214029,main
main_mixed_scenes_030,mixed scenes,foliage_plus_tools,"tight room corner crop of an open-air fish market stall with hanging price tags, stacked crates, and ticket stubs, with layered depth from foreground to background, many small objects, layered depth, realistic textures throughout.","missing small objects, oversmoothed textures, warped geometry, duplicated items, muddy reflections, low detail",214030,main
main_mixed_scenes_031,mixed scenes,crowdless_dense_scene,"eye-level workstation shot of an open-air fish market stall with hanging price tags, stacked crates, and ticket stubs, with reflective highlights on metal surfaces, many small objects, layered depth, realistic textures throughout.","missing small objects, oversmoothed textures, warped geometry, duplicated items, muddy reflections, low detail",214031,main
main_mixed_scenes_032,mixed scenes,specular_and_matte_mix,"overhead bench photo of an open-air fish market stall with hanging price tags, stacked crates, and ticket stubs, with cool shadow pockets, many small objects, layered depth, realistic textures throughout.","missing small objects, oversmoothed textures, warped geometry, duplicated items, muddy reflections, low detail",214032,main
main_mixed_scenes_033,mixed scenes,multi_object_clutter,"wide documentary frame of an open-air fish market stall with hanging price tags, stacked crates, and colored pencils, with warm late-afternoon sun, many small objects, layered depth, realistic textures throughout.","missing small objects, oversmoothed textures, warped geometry, duplicated items, muddy reflections, low detail",214033,main
main_mixed_scenes_034,mixed scenes,occlusion_overlap,"waist-level interior shot of an open-air fish market stall with hanging price tags, stacked crates, and colored pencils, under mixed daylight and fluorescent light, many small objects, layered depth, realistic textures throughout.","missing small objects, oversmoothed textures, warped geometry, duplicated items, muddy reflections, low detail",214034,main
main_mixed_scenes_035,mixed scenes,reflection_mix,"waist-level interior shot of an open-air fish market stall with hanging price tags, stacked crates, and colored pencils, with practical task lighting, many small objects, layered depth, realistic textures throughout.","missing small objects, oversmoothed textures, warped geometry, duplicated items, muddy reflections, low detail",214035,main
main_mixed_scenes_036,mixed scenes,layered_depth,"angled tabletop overview of an open-air fish market stall with hanging price tags, stacked crates, and colored pencils, with night neon spill from outside, many small objects, layered depth, realistic textures throughout.","missing small objects, oversmoothed textures, warped geometry, duplicated items, muddy reflections, low detail",214036,main
main_mixed_scenes_037,mixed scenes,small_text_plus_geometry,"front corner view of an open-air fish market stall with hanging price tags, stacked crates, and colored pencils, with soft diffused window light, many small objects, layered depth, realistic textures throughout.","missing small objects, oversmoothed textures, warped geometry, duplicated items, muddy reflections, low detail",214037,main
main_mixed_scenes_038,mixed scenes,foliage_plus_tools,"slightly elevated aisle view of an open-air fish market stall with hanging price tags, stacked crates, and colored pencils, with layered depth from foreground to background, many small objects, layered depth, realistic textures throughout.","missing small objects, oversmoothed textures, warped geometry, duplicated items, muddy reflections, low detail",214038,main
main_mixed_scenes_039,mixed scenes,crowdless_dense_scene,"tight room corner crop of an open-air fish market stall with hanging price tags, stacked crates, and colored pencils, with reflective highlights on metal surfaces, many small objects, layered depth, realistic textures throughout.","missing small objects, oversmoothed textures, warped geometry, duplicated items, muddy reflections, low detail",214039,main
main_mixed_scenes_040,mixed scenes,specular_and_matte_mix,"eye-level workstation shot of an open-air fish market stall with hanging price tags, stacked crates, and colored pencils, with cool shadow pockets, many small objects, layered depth, realistic textures throughout.","missing small objects, oversmoothed textures, warped geometry, duplicated items, muddy reflections, low detail",214040,main
main_mixed_scenes_041,mixed scenes,multi_object_clutter,"overhead bench photo of an open-air fish market stall with hanging price tags, stacked crates, and colored pencils, with warm late-afternoon sun, many small objects, layered depth, realistic textures throughout.","missing small objects, oversmoothed textures, warped geometry, duplicated items, muddy reflections, low detail",214041,main
main_mixed_scenes_042,mixed scenes,occlusion_overlap,"wide documentary frame of an open-air fish market stall with hanging price tags, stacked crates, and ceramic mugs, under mixed daylight and fluorescent light, many small objects, layered depth, realistic textures throughout.","missing small objects, oversmoothed textures, warped geometry, duplicated items, muddy reflections, low detail",214042,main
main_mixed_scenes_043,mixed scenes,reflection_mix,"wide documentary frame of an open-air fish market stall with hanging price tags, stacked crates, and ceramic mugs, with practical task lighting, many small objects, layered depth, realistic textures throughout.","missing small objects, oversmoothed textures, warped geometry, duplicated items, muddy reflections, low detail",214043,main
main_mixed_scenes_044,mixed scenes,layered_depth,"waist-level interior shot of an open-air fish market stall with hanging price tags, stacked crates, and ceramic mugs, with night neon spill from outside, many small objects, layered depth, realistic textures throughout.","missing small objects, oversmoothed textures, warped geometry, duplicated items, muddy reflections, low detail",214044,main
main_mixed_scenes_045,mixed scenes,small_text_plus_geometry,"angled tabletop overview of an open-air fish market stall with hanging price tags, stacked crates, and ceramic mugs, with soft diffused window light, many small objects, layered depth, realistic textures throughout.","missing small objects, oversmoothed textures, warped geometry, duplicated items, muddy reflections, low detail",214045,main
main_mixed_scenes_046,mixed scenes,foliage_plus_tools,"front corner view of an open-air fish market stall with hanging price tags, stacked crates, and ceramic mugs, with layered depth from foreground to background, many small objects, layered depth, realistic textures throughout.","missing small objects, oversmoothed textures, warped geometry, duplicated items, muddy reflections, low detail",214046,main
main_mixed_scenes_047,mixed scenes,crowdless_dense_scene,"slightly elevated aisle view of an open-air fish market stall with hanging price tags, stacked crates, and ceramic mugs, with reflective highlights on metal surfaces, many small objects, layered depth, realistic textures throughout.","missing small objects, oversmoothed textures, warped geometry, duplicated items, muddy reflections, low detail",214047,main
main_mixed_scenes_048,mixed scenes,specular_and_matte_mix,"tight room corner crop of an open-air fish market stall with hanging price tags, stacked crates, and ceramic mugs, with cool shadow pockets, many small objects, layered depth, realistic textures throughout.","missing small objects, oversmoothed textures, warped geometry, duplicated items, muddy reflections, low detail",214048,main
main_mixed_scenes_049,mixed scenes,multi_object_clutter,"eye-level workstation shot of an open-air fish market stall with hanging price tags, stacked crates, and ceramic mugs, with warm late-afternoon sun, many small objects, layered depth, realistic textures throughout.","missing small objects, oversmoothed textures, warped geometry, duplicated items, muddy reflections, low detail",214049,main
main_mixed_scenes_050,mixed scenes,occlusion_overlap,"overhead bench photo of an open-air fish market stall with hanging price tags, stacked crates, and ceramic mugs, under mixed daylight and fluorescent light, many small objects, layered depth, realistic textures throughout.","missing small objects, oversmoothed textures, warped geometry, duplicated items, muddy reflections, low detail",214050,main
main_mixed_scenes_051,mixed scenes,reflection_mix,"overhead bench photo of an open-air fish market stall with hanging price tags, stacked crates, and ceramic mugs, with practical task lighting, many small objects, layered depth, realistic textures throughout.","missing small objects, oversmoothed textures, warped geometry, duplicated items, muddy reflections, low detail",214051,main
main_mixed_scenes_052,mixed scenes,layered_depth,"wide documentary frame of an open-air fish market stall with hanging price tags, stacked crates, and paint tubes, with night neon spill from outside, many small objects, layered depth, realistic textures throughout.","missing small objects, oversmoothed textures, warped geometry, duplicated items, muddy reflections, low detail",214052,main
main_mixed_scenes_053,mixed scenes,small_text_plus_geometry,"waist-level interior shot of an open-air fish market stall with hanging price tags, stacked crates, and paint tubes, with soft diffused window light, many small objects, layered depth, realistic textures throughout.","missing small objects, oversmoothed textures, warped geometry, duplicated items, muddy reflections, low detail",214053,main
main_mixed_scenes_054,mixed scenes,foliage_plus_tools,"angled tabletop overview of an open-air fish market stall with hanging price tags, stacked crates, and paint tubes, with layered depth from foreground to background, many small objects, layered depth, realistic textures throughout.","missing small objects, oversmoothed textures, warped geometry, duplicated items, muddy reflections, low detail",214054,main
main_mixed_scenes_055,mixed scenes,crowdless_dense_scene,"front corner view of an open-air fish market stall with hanging price tags, stacked crates, and paint tubes, with reflective highlights on metal surfaces, many small objects, layered depth, realistic textures throughout.","missing small objects, oversmoothed textures, warped geometry, duplicated items, muddy reflections, low detail",214055,main
main_mixed_scenes_056,mixed scenes,specular_and_matte_mix,"slightly elevated aisle view of an open-air fish market stall with hanging price tags, stacked crates, and paint tubes, with cool shadow pockets, many small objects, layered depth, realistic textures throughout.","missing small objects, oversmoothed textures, warped geometry, duplicated items, muddy reflections, low detail",214056,main
main_mixed_scenes_057,mixed scenes,multi_object_clutter,"tight room corner crop of an open-air fish market stall with hanging price tags, stacked crates, and paint tubes, with warm late-afternoon sun, many small objects, layered depth, realistic textures throughout.","missing small objects, oversmoothed textures, warped geometry, duplicated items, muddy reflections, low detail",214057,main
main_mixed_scenes_058,mixed scenes,occlusion_overlap,"eye-level workstation shot of an open-air fish market stall with hanging price tags, stacked crates, and paint tubes, under mixed daylight and fluorescent light, many small objects, layered depth, realistic textures throughout.","missing small objects, oversmoothed textures, warped geometry, duplicated items, muddy reflections, low detail",214058,main
main_mixed_scenes_059,mixed scenes,reflection_mix,"eye-level workstation shot of an open-air fish market stall with hanging price tags, stacked crates, and paint tubes, with practical task lighting, many small objects, layered depth, realistic textures throughout.","missing small objects, oversmoothed textures, warped geometry, duplicated items, muddy reflections, low detail",214059,main
main_mixed_scenes_060,mixed scenes,layered_depth,"overhead bench photo of an open-air fish market stall with hanging price tags, stacked crates, and paint tubes, with night neon spill from outside, many small objects, layered depth, realistic textures throughout.","missing small objects, oversmoothed textures, warped geometry, duplicated items, muddy reflections, low detail",214060,main
main_mixed_scenes_061,mixed scenes,small_text_plus_geometry,"wide documentary frame of an open-air fish market stall with hanging price tags, stacked crates, and boxed spare parts, with soft diffused window light, many small objects, layered depth, realistic textures throughout.","missing small objects, oversmoothed textures, warped geometry, duplicated items, muddy reflections, low detail",214061,main
main_mixed_scenes_062,mixed scenes,foliage_plus_tools,"waist-level interior shot of an open-air fish market stall with hanging price tags, stacked crates, and boxed spare parts, with layered depth from foreground to background, many small objects, layered depth, realistic textures throughout.","missing small objects, oversmoothed textures, warped geometry, duplicated items, muddy reflections, low detail",214062,main
main_mixed_scenes_063,mixed scenes,crowdless_dense_scene,"angled tabletop overview of an open-air fish market stall with hanging price tags, stacked crates, and boxed spare parts, with reflective highlights on metal surfaces, many small objects, layered depth, realistic textures throughout.","missing small objects, oversmoothed textures, warped geometry, duplicated items, muddy reflections, low detail",214063,main
main_mixed_scenes_064,mixed scenes,specular_and_matte_mix,"front corner view of an open-air fish market stall with hanging price tags, stacked crates, and boxed spare parts, with cool shadow pockets, many small objects, layered depth, realistic textures throughout.","missing small objects, oversmoothed textures, warped geometry, duplicated items, muddy reflections, low detail",214064,main
main_mixed_scenes_065,mixed scenes,multi_object_clutter,"slightly elevated aisle view of an open-air fish market stall with hanging price tags, stacked crates, and boxed spare parts, with warm late-afternoon sun, many small objects, layered depth, realistic textures throughout.","missing small objects, oversmoothed textures, warped geometry, duplicated items, muddy reflections, low detail",214065,main
main_mixed_scenes_066,mixed scenes,occlusion_overlap,"tight room corner crop of an open-air fish market stall with hanging price tags, stacked crates, and boxed spare parts, under mixed daylight and fluorescent light, many small objects, layered depth, realistic textures throughout.","missing small objects, oversmoothed textures, warped geometry, duplicated items, muddy reflections, low detail",214066,main
main_mixed_scenes_067,mixed scenes,reflection_mix,"tight room corner crop of an open-air fish market stall with hanging price tags, stacked crates, and boxed spare parts, with practical task lighting, many small objects, layered depth, realistic textures throughout.","missing small objects, oversmoothed textures, warped geometry, duplicated items, muddy reflections, low detail",214067,main
main_mixed_scenes_068,mixed scenes,layered_depth,"eye-level workstation shot of an open-air fish market stall with hanging price tags, stacked crates, and boxed spare parts, with night neon spill from outside, many small objects, layered depth, realistic textures throughout.","missing small objects, oversmoothed textures, warped geometry, duplicated items, muddy reflections, low detail",214068,main
main_mixed_scenes_069,mixed scenes,small_text_plus_geometry,"overhead bench photo of an open-air fish market stall with hanging price tags, stacked crates, and boxed spare parts, with soft diffused window light, many small objects, layered depth, realistic textures throughout.","missing small objects, oversmoothed textures, warped geometry, duplicated items, muddy reflections, low detail",214069,main
main_mixed_scenes_070,mixed scenes,foliage_plus_tools,"wide documentary frame of an open-air fish market stall with hanging price tags, stacked crates, and receipts clipped to a wire, with layered depth from foreground to background, many small objects, layered depth, realistic textures throughout.","missing small objects, oversmoothed textures, warped geometry, duplicated items, muddy reflections, low detail",214070,main
main_mixed_scenes_071,mixed scenes,crowdless_dense_scene,"waist-level interior shot of an open-air fish market stall with hanging price tags, stacked crates, and receipts clipped to a wire, with reflective highlights on metal surfaces, many small objects, layered depth, realistic textures throughout.","missing small objects, oversmoothed textures, warped geometry, duplicated items, muddy reflections, low detail",214071,main
main_mixed_scenes_072,mixed scenes,specular_and_matte_mix,"angled tabletop overview of an open-air fish market stall with hanging price tags, stacked crates, and receipts clipped to a wire, with cool shadow pockets, many small objects, layered depth, realistic textures throughout.","missing small objects, oversmoothed textures, warped geometry, duplicated items, muddy reflections, low detail",214072,main
main_mixed_scenes_073,mixed scenes,multi_object_clutter,"front corner view of an open-air fish market stall with hanging price tags, stacked crates, and receipts clipped to a wire, with warm late-afternoon sun, many small objects, layered depth, realistic textures throughout.","missing small objects, oversmoothed textures, warped geometry, duplicated items, muddy reflections, low detail",214073,main
main_mixed_scenes_074,mixed scenes,occlusion_overlap,"slightly elevated aisle view of an open-air fish market stall with hanging price tags, stacked crates, and receipts clipped to a wire, under mixed daylight and fluorescent light, many small objects, layered depth, realistic textures throughout.","missing small objects, oversmoothed textures, warped geometry, duplicated items, muddy reflections, low detail",214074,main
main_mixed_scenes_075,mixed scenes,reflection_mix,"slightly elevated aisle view of an open-air fish market stall with hanging price tags, stacked crates, and receipts clipped to a wire, with practical task lighting, many small objects, layered depth, realistic textures throughout.","missing small objects, oversmoothed textures, warped geometry, duplicated items, muddy reflections, low detail",214075,main
main_mixed_scenes_076,mixed scenes,layered_depth,"tight room corner crop of an open-air fish market stall with hanging price tags, stacked crates, and receipts clipped to a wire, with night neon spill from outside, many small objects, layered depth, realistic textures throughout.","missing small objects, oversmoothed textures, warped geometry, duplicated items, muddy reflections, low detail",214076,main
main_mixed_scenes_077,mixed scenes,small_text_plus_geometry,"eye-level workstation shot of an open-air fish market stall with hanging price tags, stacked crates, and receipts clipped to a wire, with soft diffused window light, many small objects, layered depth, realistic textures throughout.","missing small objects, oversmoothed textures, warped geometry, duplicated items, muddy reflections, low detail",214077,main
main_mixed_scenes_078,mixed scenes,foliage_plus_tools,"overhead bench photo of an open-air fish market stall with hanging price tags, stacked crates, and receipts clipped to a wire, with layered depth from foreground to background, many small objects, layered depth, realistic textures throughout.","missing small objects, oversmoothed textures, warped geometry, duplicated items, muddy reflections, low detail",214078,main
main_mixed_scenes_079,mixed scenes,crowdless_dense_scene,"wide documentary frame of an open-air fish market stall with hanging price tags, stacked crates, and labels on drawers, with reflective highlights on metal surfaces, many small objects, layered depth, realistic textures throughout.","missing small objects, oversmoothed textures, warped geometry, duplicated items, muddy reflections, low detail",214079,main
main_mixed_scenes_080,mixed scenes,specular_and_matte_mix,"waist-level interior shot of an open-air fish market stall with hanging price tags, stacked crates, and labels on drawers, with cool shadow pockets, many small objects, layered depth, realistic textures throughout.","missing small objects, oversmoothed textures, warped geometry, duplicated items, muddy reflections, low detail",214080,main
main_mixed_scenes_081,mixed scenes,multi_object_clutter,"angled tabletop overview of an open-air fish market stall with hanging price tags, stacked crates, and labels on drawers, with warm late-afternoon sun, many small objects, layered depth, realistic textures throughout.","missing small objects, oversmoothed textures, warped geometry, duplicated items, muddy reflections, low detail",214081,main
main_mixed_scenes_082,mixed scenes,occlusion_overlap,"front corner view of an open-air fish market stall with hanging price tags, stacked crates, and labels on drawers, under mixed daylight and fluorescent light, many small objects, layered depth, realistic textures throughout.","missing small objects, oversmoothed textures, warped geometry, duplicated items, muddy reflections, low detail",214082,main
main_mixed_scenes_083,mixed scenes,reflection_mix,"front corner view of an open-air fish market stall with hanging price tags, stacked crates, and labels on drawers, with practical task lighting, many small objects, layered depth, realistic textures throughout.","missing small objects, oversmoothed textures, warped geometry, duplicated items, muddy reflections, low detail",214083,main
main_mixed_scenes_084,mixed scenes,layered_depth,"slightly elevated aisle view of an open-air fish market stall with hanging price tags, stacked crates, and labels on drawers, with night neon spill from outside, many small objects, layered depth, realistic textures throughout.","missing small objects, oversmoothed textures, warped geometry, duplicated items, muddy reflections, low detail",214084,main
main_mixed_scenes_085,mixed scenes,small_text_plus_geometry,"tight room corner crop of an open-air fish market stall with hanging price tags, stacked crates, and labels on drawers, with soft diffused window light, many small objects, layered depth, realistic textures throughout.","missing small objects, oversmoothed textures, warped geometry, duplicated items, muddy reflections, low detail",214085,main
main_mixed_scenes_086,mixed scenes,foliage_plus_tools,"eye-level workstation shot of an open-air fish market stall with hanging price tags, stacked crates, and labels on drawers, with layered depth from foreground to background, many small objects, layered depth, realistic textures throughout.","missing small objects, oversmoothed textures, warped geometry, duplicated items, muddy reflections, low detail",214086,main
main_mixed_scenes_087,mixed scenes,crowdless_dense_scene,"overhead bench photo of an open-air fish market stall with hanging price tags, stacked crates, and labels on drawers, with reflective highlights on metal surfaces, many small objects, layered depth, realistic textures throughout.","missing small objects, oversmoothed textures, warped geometry, duplicated items, muddy reflections, low detail",214087,main
main_mixed_scenes_088,mixed scenes,specular_and_matte_mix,"wide documentary frame of an open-air fish market stall with hanging price tags, stacked crates, and folded maps, with cool shadow pockets, many small objects, layered depth, realistic textures throughout.","missing small objects, oversmoothed textures, warped geometry, duplicated items, muddy reflections, low detail",214088,main
main_mixed_scenes_089,mixed scenes,multi_object_clutter,"waist-level interior shot of an open-air fish market stall with hanging price tags, stacked crates, and folded maps, with warm late-afternoon sun, many small objects, layered depth, realistic textures throughout.","missing small objects, oversmoothed textures, warped geometry, duplicated items, muddy reflections, low detail",214089,main
main_mixed_scenes_090,mixed scenes,occlusion_overlap,"angled tabletop overview of an open-air fish market stall with hanging price tags, stacked crates, and folded maps, under mixed daylight and fluorescent light, many small objects, layered depth, realistic textures throughout.","missing small objects, oversmoothed textures, warped geometry, duplicated items, muddy reflections, low detail",214090,main
main_mixed_scenes_091,mixed scenes,reflection_mix,"angled tabletop overview of an open-air fish market stall with hanging price tags, stacked crates, and folded maps, with practical task lighting, many small objects, layered depth, realistic textures throughout.","missing small objects, oversmoothed textures, warped geometry, duplicated items, muddy reflections, low detail",214091,main
main_mixed_scenes_092,mixed scenes,layered_depth,"front corner view of an open-air fish market stall with hanging price tags, stacked crates, and folded maps, with night neon spill from outside, many small objects, layered depth, realistic textures throughout.","missing small objects, oversmoothed textures, warped geometry, duplicated items, muddy reflections, low detail",214092,main
main_mixed_scenes_093,mixed scenes,small_text_plus_geometry,"slightly elevated aisle view of an open-air fish market stall with hanging price tags, stacked crates, and folded maps, with soft diffused window light, many small objects, layered depth, realistic textures throughout.","missing small objects, oversmoothed textures, warped geometry, duplicated items, muddy reflections, low detail",214093,main
main_mixed_scenes_094,mixed scenes,foliage_plus_tools,"tight room corner crop of an open-air fish market stall with hanging price tags, stacked crates, and folded maps, with layered depth from foreground to background, many small objects, layered depth, realistic textures throughout.","missing small objects, oversmoothed textures, warped geometry, duplicated items, muddy reflections, low detail",214094,main
main_mixed_scenes_095,mixed scenes,crowdless_dense_scene,"eye-level workstation shot of an open-air fish market stall with hanging price tags, stacked crates, and folded maps, with reflective highlights on metal surfaces, many small objects, layered depth, realistic textures throughout.","missing small objects, oversmoothed textures, warped geometry, duplicated items, muddy reflections, low detail",214095,main
main_mixed_scenes_096,mixed scenes,specular_and_matte_mix,"overhead bench photo of an open-air fish market stall with hanging price tags, stacked crates, and folded maps, with cool shadow pockets, many small objects, layered depth, realistic textures throughout.","missing small objects, oversmoothed textures, warped geometry, duplicated items, muddy reflections, low detail",214096,main
main_mixed_scenes_097,mixed scenes,multi_object_clutter,"wide documentary frame of an open-air fish market stall with hanging price tags, stacked crates, and brushes in cups, with warm late-afternoon sun, many small objects, layered depth, realistic textures throughout.","missing small objects, oversmoothed textures, warped geometry, duplicated items, muddy reflections, low detail",214097,main
main_mixed_scenes_098,mixed scenes,occlusion_overlap,"waist-level interior shot of an open-air fish market stall with hanging price tags, stacked crates, and brushes in cups, under mixed daylight and fluorescent light, many small objects, layered depth, realistic textures throughout.","missing small objects, oversmoothed textures, warped geometry, duplicated items, muddy reflections, low detail",214098,main
main_mixed_scenes_099,mixed scenes,reflection_mix,"waist-level interior shot of an open-air fish market stall with hanging price tags, stacked crates, and brushes in cups, with practical task lighting, many small objects, layered depth, realistic textures throughout.","missing small objects, oversmoothed textures, warped geometry, duplicated items, muddy reflections, low detail",214099,main
main_mixed_scenes_100,mixed scenes,layered_depth,"angled tabletop overview of an open-air fish market stall with hanging price tags, stacked crates, and brushes in cups, with night neon spill from outside, many small objects, layered depth, realistic textures throughout.","missing small objects, oversmoothed textures, warped geometry, duplicated items, muddy reflections, low detail",214100,main
